上班地點,上班時段,公司,工作內容,工作名稱,工作待遇,工作連結,聯絡人,是否違規,違規原因
台北市中山區建國北路二段238號3樓(富焱通訊處),日班，依公司規定,富邦人壽_富焱通訊處(核准文號108A01號),工作內容1.銷售人身保險商品、客戶經營服務並提供富邦金控整合性金融服務；2.本職缺為業務招攬工作，實際薪酬依招攬績效按件核發各類非定額之津貼與獎金等保險承攬報酬； 3.另就部分工時時薪150元之工作，須依公司規定於約定之工作時間內參加早會並接受教育訓練(於約定之每月工作時間內，每月出席7天、每日一小時)每月總計1050~2000元。,行銷專員CA(正職),時薪 150元,https://www.104.com.tw/job/4i4pb?jobsource=2018indexpoc,朱小姐,False,
台北市大安區敦化南路二段97號5樓C室(富開通訊處),日班，依公司規定,富邦人壽_富開通訊處(核准文號108A01號),工作內容1.銷售人身保險商品、客戶經營服務並提供富邦金控整合性金融服務；2.本職缺為業務招攬工作，實際薪酬依招攬績效按件核發各類非定額之津貼與獎金等保險承攬報酬；3.另就部分工時時薪150元之工作，須依公司規定於約定之工作時間內參加早會並接受教育訓練(於約定之每月工作時間內，每月出席7天、每日一小時)每月總計1050~2000元。,行銷專員CA(正職),時薪 150元,https://www.104.com.tw/job/6hb2g?jobsource=2018indexpoc,吳啟鳴先生,False,
台北市大安區忠孝東路四段320號7樓(富鑽通訊處),日班，依公司規定,富邦人壽_富鑽通訊處(核准文號108A01號),1.銷售人身保險商品、客戶經營服務並提供富邦金控整合性金融服務；2.本職缺為業務招攬工作，實際薪酬依招攬績效按件核發各類非定額之津貼與獎金等保險承攬報酬；3.另就部分工時時薪150元之工作，須依公司規定於約定之工作時間內參加早會並接受教育訓練(於約定之每月工作時間內，每月出席7天、每日一小時)每月總計1050~2000元。,行銷專員CA(正職),時薪 150元,https://www.104.com.tw/job/45m0n?jobsource=2018indexpoc,林宗崎先生,False,
台北市中山區建國北路二段236號9樓(富豪通訊處),日班,富邦人壽_富豪通訊處(核准文號108A01號),1.銷售人身保險商品、客戶經營服務並提供富邦金控整合性金融服務； ２.本職缺為業務招攬工作，實際薪酬依招攬績效按件核發各類非定額之津貼與獎金等保險承攬報酬； ３.另就部分工時時薪150元之工作，須依公司規定於約定之工作時間內參加早會並接受教育訓練(於約定之每月工作時間內，每月出席7天、每日一小時)每月總計1050~2000元。,行銷專員CA(正職),時薪 150元,https://www.104.com.tw/job/3mz0j?jobsource=2018indexpoc,馮偉祥先生,False,
台北市萬華區桂林路52號11樓(富創通訊處),日班，依公司規定,富邦人壽_富創通訊處(核准文號108A01),1.銷售人身保險商品、客戶經營服務並提供富邦金控整合性金融服務； ２.本職缺為業務招攬工作，實際薪酬依招攬績效按件核發各類非定額之津貼與獎金等保險承攬報酬； ３.另就部分工時時薪150元之工作，須依公司規定於約定之工作時間內參加早會並接受教育訓練(於約定之每月工作時間內，每月出席7天，每日一小時)每月總計1050~2000元。,行銷專員CA(正職),時薪 150元,https://www.104.com.tw/job/4b9xe?jobsource=2018indexpoc,許博堯先生,False,
台北市信義區基隆路一段210號14樓(富恆通訊處),日班，依公司規定,富邦人壽_富恆通訊處(王皓霆)(核准文號108A01),1.銷售人身保險商品、客戶經營服務並提供富邦金控整合性金融服務； 2.本職缺為業務招攬工作，實際薪酬依招攬績效按件核發各類非定額之津貼與獎金等保險承攬報酬； 3.另就部分工時時薪150元之工作，須依公司規定於約定之工作時間內參加早會並接受教育訓練(於約定之每月工作時間內，每月出席7天、每日一小時)每月總計1050~2000元。,行銷專員CA(正職),時薪 150元,https://www.104.com.tw/job/5bmku?jobsource=2018indexpoc,王皓霆先生,False,
台北市松山區八德路三段32號8樓,日班，依公司規定,富邦人壽_富通通訊處(核准文號108A01號),工作內容1.銷售人身保險商品、客戶經營服務並提供富邦金控整合性金融服務；2.本職缺為業務招攬工作，實際薪酬依招攬績效按件核發各類非定額之津貼與獎金等保險承攬報酬；3.另就部分工時時薪150元之工作，須依公司規定於約定之工作時間內參加早會並接受教育訓練(於約定之每月工作時間內，每月出席7天、每日一小時)每月總計1050~2000元。,行銷專員CA(正職),時薪 150元,https://www.104.com.tw/job/6h690?jobsource=2018indexpoc,劉先生,False,
台中市太平區太和路一段65號1樓(中笙通訊處),日班，依公司規定,富邦人壽_中笙通訊處(核准文號108A01號),1.銷售人身保險商品、客戶經營服務並提供富邦金控整合性金融服務； 2.本職缺為業務招攬工作，實際薪酬依招攬績效按件核發各類非定額之津貼與獎金等保險承攬報酬； 3.另就部分工時時薪150元之工作，須依公司規定於約定之工作時間內參加早會並接受教育訓練(於約定之每月工作時間內，每月出席7天、每日一小時)每月總計1050~2000元。,行銷專員CA(正職),時薪 150元,https://www.104.com.tw/job/4dtmd?jobsource=2018indexpoc,林筱晨小姐,False,
台北市松山區八德路三段32號8樓,日班，依公司規定,富邦人壽_富通通訊處(核准文號108A01號),工作內容1.銷售人身保險商品、客戶經營服務並提供富邦金控整合性金融服務；2.本職缺為業務招攬工作，實際薪酬依招攬績效按件核發各類非定額之津貼與獎金等保險承攬報酬；3.另就部分工時時薪150元之工作，須依公司規定於約定之工作時間內參加早會並接受教育訓練(於約定之每月工作時間內，每月出席7天、每日一小時)每月總計1050~2000元。,行銷專員CA(正職),時薪 150元,https://www.104.com.tw/job/6gzl5?jobsource=2018indexpoc,劉先生,False,
新北市蘆洲區長榮路311號1樓(富贏通訊處),日班，依公司規定,富邦人壽_富贏通訊處(陳雅蓮)(核准文號108A01號),1.銷售人身保險商品、客戶經營服務並提供富邦金控整合性金融服務；２.本職缺為業務招攬工作，實際薪酬依招攬績效按件核發各類非定額之津貼與獎金等保險承攬報酬；３.另就部分工時時薪150元之工作，須依公司規定於約定之工作時間內參加早會並接受教育訓練 【業務通路】 (於約定之每月工作時間內，每月出席7天、每日一小時)每月總計1050~2000元。,行銷專員CA(正職),時薪 150元,https://www.104.com.tw/job/5mxed?jobsource=2018indexpoc,陳雅蓮經理/陳婕柔小姐,False,
台北市萬華區桂林路52號11樓(富朝通訊處),日班，依公司規定,富邦人壽_富朝通訊處(陳京萱主任)(核准文號108A01號),工作內容1.銷售人身保險商品、客戶經營服務並提供富邦金控整合性金融服務；2.本職缺為業務招攬工作，實際薪酬依招攬績效按件核發各類非定額之津貼與獎金等保險承攬報酬；3.另就部分工時時薪150元之工作，須依公司規定於約定之工作時間內參加早會並接受教育訓練(於約定之每月工作時間內，每月出席7天、每日一小時)每月總計1050~2000元。,行銷專員CA(正職),時薪 150元,https://www.104.com.tw/job/6h0bw?jobsource=2018indexpoc,陳京萱主任,False,
台北市內湖區瑞光路478巷24號2樓(內湖科技園區),日班，依公司規定,富邦人壽保險股份有限公司_西湖獨立課108A02號,1.銷售人身保險商品、客戶經營服務並提供富邦金控整合性金融服務；2.本職缺為業務招攬工作，實際薪酬依招攬績效按件核發各類非定額之津貼與獎金等保險承攬報酬；3.另就部分工時時薪150元之工作，須依公司規定於約定之工作時間內參加早會並接受教育訓練(於約定之每月工作時間內，每月出席7天、每日一小時)每月總計1050~5500元。,展業員NCT(正職),時薪 150元,https://www.104.com.tw/job/5r2da?jobsource=2018indexpoc,陳富揚,False,
台北市松山區八德路三段20號8樓A.C區(富富一分處),日班,富邦人壽保險股份有限公司_富富一分處(核准文號108A01),1.銷售人身保險商品、客戶經營服務並提供富邦金控整合性金融服務。 ２.本職缺為業務招攬工作，實際薪酬依招攬績效按件核發各類非定額之津貼與獎金等保險承攬報酬。３.另就部分工時時薪150元之工作，須依公司規定於約定之工作時間內參加早會並接受教育訓練 【業務通路】 (於約定之每月工作時間內，每月出席7天、每日一小時)每月總計1050~2000元。,行銷專員CA(正職),時薪 150元,https://www.104.com.tw/job/5l6zi?jobsource=2018indexpoc,蔡沛晴,False,
台北市中山區建國北路二段236號6樓,日班,富邦人壽_富鴻通訊處(核准文號108A01),1. 銷售人身保險商品、客戶經營服務並提供富邦金控整合性金融服務；２.本職缺為業務招攬工作，實際薪酬依招攬績效按件核發各類非定額之津貼與獎金等     保險承攬報酬；３.另就部分工時時薪150元之工作，須依公司規定於約定之工作時間內參加早會並接        受教育訓練【業務通路】 (於約定之每月工作時間內，每月出席7天、每日一小時)每月總計1050~  2000元。,【業務通路】行銷專員CA(正職),時薪 150元,https://www.104.com.tw/job/3i6vk?jobsource=2018indexpoc,業務主管,False,
高雄市苓雅區中正二路175號9樓之1(高震通訊處),日班，08:30~09:30,富邦人壽保險股份有限公司_高震通訊處(核准文號108A01號),1.銷售人身保險商品、客戶經營服務並提供富邦金控整合性金融服務；2.本職缺為業務招攬工作，實際薪酬依招攬績效按件核發各類非定額之津貼與獎金等保險承攬報酬；3.另就部分工時時薪150元之工作，須依公司規定於約定之工作時間內參加早會並接受教育訓練(於約定之每月工作時間內，每月出席7天、每日一小時)每月總計1050~2000元。,行銷專員CA(正職),時薪 150元,https://www.104.com.tw/job/6h9be?jobsource=2018indexpoc,施閎仁先生/吳雅如小姐,True,上班時段錯誤(未滿8小時的時間)
台北市內湖區瑞光路480號11樓A區,日班，依公司規定,富邦人壽保險股份有限公司_富拓一分處（核准文號108A01),工作內容:1.銷售人身保險商品、客戶經營服務並提供富邦金控整合性金融服務; 2.本職缺為業務招攬工作，實際薪酬依招攬績效按件核發各類非定額之津貼與獎金等保險承攬報酬; 3.另就部分工時時薪150元之工作，須依公司規定於約定之工作時間內參加早會並接受教育訓練(於約定之每 月工作時間內，每月出席7天、每日一小時)每月總計1050~2000元。,行銷專員CA(正職),時薪 150元,https://www.104.com.tw/job/66bca?jobsource=2018indexpoc,陳小姐,False,
桃園市桃園區中正路1092號5樓(桃吉一分處),日班，依公司規定,富邦人壽保險股份有限公司_桃吉一分處(鄭森妹),工作內容1.銷售人身保險商品、客戶經營服務並提供富邦金控整合性金融服務； 2.本職缺為業務招攬工作，實際薪酬依招攬績效按件核發各類非定額之津貼與獎金等保險承攬報酬； 3.另就部分工時時薪150元之工作，須依公司規定於約定之工作時間內參加早會並接受教育訓練(於約定之每月工作時間內，每月出席7天、每日一小時)每月總計1050~2000元。,行銷專員CA(正職),時薪 150元,https://www.104.com.tw/job/6lc7y?jobsource=2018indexpoc,鄭小姐,False,
新北市板橋區三民路二段37號4樓之2(邦儷通訊處),日班，08:30~09:30或09:00~10:00,富邦人壽_邦儷通訊處(核準文號第108A01號),1.銷售人身保險商品、客戶經營服務並提供富邦金控整合性金融服務； 2.本職缺為業務招攬工作，實際薪酬依招攬績效按件核發各類非定額之津貼與獎金等保險承攬報酬； 3.另就部分工時時薪150元之工作，須依公司規定於約定之工作時間內參加早會並接受教育訓練(於約定之每月工作時間內，每月出席7天、每日一小時)每月總計1050~2000元。,行銷專員CA(正職),時薪 150元,https://www.104.com.tw/job/2v6st?jobsource=2018indexpoc,吳志耕處經理,True,上班時段錯誤(未滿8小時的時間)
新竹縣竹北市自強南路8號19樓之1(竹佑通訊處),日班，依公司規定,富邦人壽_竹佑通訊處(林昭仰)(核准文號108A01號),1.銷售人身保險商品、客戶經營服務並提供富邦金控整合性金融服務; 2.本職缺為業務招攬工作，實際薪酬依招攬績效按件核發各類非定額之津貼與獎金等保險承攬報酬; 3.另就部分工時時薪150元之工作，須依公司規定於約定之工作時間內參加早會並接受教育訓練(於約定之每 月工作時間內，每月出席7天、每日一小時)每月總計1050~2000元。,行銷專員CA,時薪 150元,https://www.104.com.tw/job/6h6jr?jobsource=2018indexpoc,林昭仰,False,
新竹縣竹北市自強南路8號11樓之3(竹御通訊處),日班，依公司規定,富邦人壽_竹御通訊處(謝志遠)(核准文號108A01號),工作內容1.銷售人身保險商品、客戶經營服務並提供富邦金控整合性金融服務；2.本職缺為業務招攬工作，實際薪酬依招攬績效按件核發各類非定額之津貼與獎金等保險承攬報酬；3.另就部分工時時薪150元之工作，須依公司規定於約定之工作時間內參加早會並接受教育訓練(於約定之每月工作時間內，每月出席7天、每日一小時)每月總計1050~2000元。,行銷專員CA(正職),時薪 150元,https://www.104.com.tw/job/3mj0l?jobsource=2018indexpoc,謝志遠先生,False,
新竹市經國路一段675號12樓(竹冠通訊處),日班，依公司規定,富邦人壽保險股份有限公司_竹冠通訊處(核准文號108A01號),工作內容:1.銷售人身保險商品、客戶經營服務並提供富邦金控整合性金融服務 ;2.本職缺為業務招攬工作、實際薪酬依招攬績效按件核發各類非定額之津貼與獎金等保險承攬報酬 ;3.另就部分工時時薪150元之工作，須依公司規定於約定之工作時間內參加早會並接受教育訓練(於約定之每月工作時間內，每月出席7天、每日一小時)每月總計1050~2000元 .,行銷專員CA(正職),時薪 150元,https://www.104.com.tw/job/5azhb?jobsource=2018indexpoc,陳俊郎先生,False,
高雄市大寮區鳳屏一路268號3樓A2區,日班，08:30~09:30,富邦人壽_高恩通訊處(黃柏瑞)(核准文號108A01號),1.銷售人身保險商品、客戶經營服務並提供富邦金控整合性金融服務；２.本職缺為業務招攬工作，實際薪酬依招攬績效按件核發各類非定額之津貼與獎金等保險承攬報酬；３.另就部分工時時薪150元之工作，須依公司規定於約定之工作時間內參加早會並接受教育訓練【業務通路】 (於約定之每月工作時間內，每月出席7天、每日一小時)每月總計1050~2000元。,【業務通路】行銷專員：正職,時薪 150元,https://www.104.com.tw/job/5s18v?jobsource=2018indexpoc,黃柏瑞先生,True,上班時段錯誤(未滿8小時的時間)
新北市新莊區福營路183號1樓,日班，依公司規定,富邦人壽保險股份有限公司_富巨通訊處(核准文號108A01號),工作內容1.銷售人身保險商品、客戶經營服務並提供富邦金控整合性金融服務； 2.本職缺為業務招攬工作，實際薪酬依招攬績效按件核發各類非定額之津貼與獎金等保險承攬報酬； 3.另就部分工時時薪150元之工作，須依公司規定於約定之工作時間內參加早會並接受教育訓練(於約定之每月工作時間內，每月出席7天、每日一小時)每月總計1050~2000元。,行銷專員CA(正職),時薪 150元,https://www.104.com.tw/job/5mi4n?jobsource=2018indexpoc,蔡淑娟小姐,False,
高雄市仁武區仁雄路36之1號,日班，依公司規定,富邦人壽_高定通訊處(核准文號108A01號),1.銷售人身保險商品、客戶經營服務並提供富邦金控整合性金融服務； 2.本職缺為業務招攬工作，實際薪酬依招攬績效按件核發各類非定額之津貼與獎金等保險承攬報酬；3.另就部分工時時薪150元之工作，須依公司規定於約定之工作時間內參加早會並接受教育訓練,行銷專員CA(正職),時薪 150元,https://www.104.com.tw/job/4c5qx?jobsource=2018indexpoc,鄭美娥小姐,False,
台中市西屯區市政路386號33樓之3(中貿一分處),日班，依公司規定,富邦人壽保險股份有限公司_中貿一分處(核准文號108A01號),1.銷售人身保險商品、客戶經營服務並提供富邦金控整合性金融服務；2.本職缺為業務招攬工作，實際薪酬依招攬績效按件核發各類非定額之津貼與獎金等保險承攬報酬；3.另就部分工時時薪150元之工作，須依公司規定於約定之工作時間內參加早會並接受教育訓練(於約定之每月工作時間內，每月出席7天、每日一小時)每月總計1050~2000元。,行銷專員CA(正職),時薪 150元,https://www.104.com.tw/job/4z87d?jobsource=2018indexpoc,林雅萍小姐,False,
台北市中山區建國北路二段196號4樓(花權通訊處),日班，依公司規定,富邦人壽_花權通訊處(核准文號108A01號)(邱世民),工作內容1.銷售人身保險商品、客戶經營服務並提供富邦金控整合性金融服務；2.本職缺為業務招攬工作，實際薪酬依招攬績效按件核發各類非定額之津貼與獎金等保險承攬報酬；3.另就部分工時時薪150元之工作，須依公司規定於約定之工作時間內參加早會並接受教育訓練(於約定之每月工作時間內，每月出席7天、每日一小時)每月總計1050~2000元。,行銷專員CA(正職),時薪 150元,https://www.104.com.tw/job/6hd78?jobsource=2018indexpoc,邱世民,False,
台北市中正區襄陽路9號10樓(富達通訊處),日班，依公司規定,富邦人壽保險股份有限公司_富達通訊處(核准文號108A01號),1.銷售人身保險商品、客戶經營服務並提供富邦金控整合性金融服務；２.本職缺為業務招攬工作，實際薪酬依招攬績效按件核發各類非定額之津貼與獎金等保險承攬報酬；３.另就部分工時時薪150元之工作，須依公司規定於約定之工作時間內參加早會並接受教育訓練 (於約定之每月工作時間內，每月出席7天、每日一小時)每月總計1050~2000元。,行銷專員,時薪 150元,https://www.104.com.tw/job/5jm7o?jobsource=2018indexpoc,陳俊廷,False,
高雄市鳳山區光華東路65號(高名通訊處),日班，依公司規定,富邦人壽_高明通訊處(顏裕融)(核准文號核准文號108A01號),1.銷售人身保險商品、客戶經營服務並提供富邦金控整合性金融服務；2.本職缺為業務招攬工作，實際薪酬依招攬績效按件核發各類非定額之津貼與獎金等保險承攬報酬；3.另就部分工時時薪150元之工作，須依公司規定於約定之工作時間內參加早會並接受教育訓練(於約定之每月工作時間內，每月出席7天、每日一小時)每月總計1050~2000元。,行銷專員CA,時薪 150元,https://www.104.com.tw/job/5lvjj?jobsource=2018indexpoc,曾靖雅,False,
台北市大安區忠孝東路四段310號11樓,日班，依公司規定,富邦人壽_富利通訊處(林鳳君)-(核准文號108A01號),1.銷售人身保險商品、客戶經營服務並提供富邦金控整合性金融服務；2.本職缺為業務招攬工作，實際薪酬依招攬績效按件核發各類非定額之津貼與獎金等保險承攬報酬；3.另就部分工時時薪150元之工作，須依公司規定於約定之工作時間內參加早會並接受教育訓練(於約定之每月工作時間內，每月出席7天、每日一小時)每月總計1050~2000元。,行銷專員CA,時薪 150元,https://www.104.com.tw/job/5m017?jobsource=2018indexpoc,林鳳君,False,
台北市內湖區瑞光路480號11樓D區富台通訊處,日班，依公司規定,富邦人壽保險股份有限公司_富台通訊處(核准文號108A01號),1.銷售人身保險商品、客戶經營服務並提供富邦金控整合性金融服務；２.本職缺為業務招攬工作，實際薪酬依招攬績效按件核發各類非定額之津貼與獎金等保險承攬報酬；３.另就部分工時時薪150元之工作，須依公司規定於約定之工作時間內參加早會並接受教育訓練 (於約定之每月工作時間內，每月出席7天、每日一小時)每月總計1050~2000元。,行銷專員CA(正職),時薪 150元,https://www.104.com.tw/job/5jgt8?jobsource=2018indexpoc,劉延倫,False,
台南市中西區民生路二段279號13樓A區,日班，08:30~09:30或09:00~10:00,富邦人壽_南天通訊處(核准文號108A01號),工作內容1.銷售人身保險商品、客戶經營服務並提供富邦金控整合性金融服務； 2.本職缺為業務招攬工作，實際薪酬依招攬績效按件核發各類非定額之津貼與獎金等保險承攬報酬；3.另就部分工時時薪150元之工作，須依公司規定於約定之工作時間內參加早會並接受教育訓練(於約定之每 月工作時間內，每月出席7天、每日一小時)每月總計1050~2000元。,行銷專員CA(正職),時薪 150元,https://www.104.com.tw/job/24lqr?jobsource=2018indexpoc,吳素珍襄理,True,上班時段錯誤(未滿8小時的時間)
高雄市新興區民族二路95號6樓c室(高誠通訊處),日班,富邦人壽保險股份有限公司_高誠通訊處(核准文號108A01號),1.銷售人身保險商品、客戶經營服務並提供富邦金控整合性金融服務； 2.本職缺為業務招攬工作，實際薪酬依招攬績效按件核發各類非定額之津貼與獎金等保險承攬報酬； 3.另就部分工時時薪150元之工作，須依公司規定於約定之工作時間內參加早會並接受教育訓練(於約定之每月工作時間內，每月出席7天、每日一小時)每月總計1050~2000元。,行銷專員CA(正職),時薪 150元,https://www.104.com.tw/job/28ekw?jobsource=2018indexpoc,蕭佩宜 小姐,False,
高雄市苓雅區中正二路175號29樓-1(KH701高杆通訊處),日班，依公司規定,富邦人壽保險股份有限公司_KH701高杆通訊處(核准文號108A01號),1.銷售人生保險商品、客戶經營服務並提供富邦金控整合性金融服務；2.本職缺為業務招攬工作，實際薪酬依招攬績效按件核發各類非定額之津貼與獎金等保險承攬報酬；3.另就部分工時時薪150元之工作，須依公司規定於約定之工作時間內參加早會並接受教育訓練（於約定之每月工作時間內，每月出席7天、每日一小時）每月總計1050~2000元。,行銷專員CA(正職),時薪 150元,https://www.104.com.tw/job/2cni8?jobsource=2018indexpoc,陳俊伊 經理,True,核准文號錯誤
高雄市前金區中華三路21號7樓(高羽通訊處),日班，(830-930),富邦人壽保險股份有限公司_高羽通訊處(核准文號108A01號),1.銷售人身保險商品、客戶經營服務並提供富邦金控整合性金融服務； ２.本職缺為業務招攬工作，實際薪酬依招攬績效按件核發各類非定額之津貼與獎金等保險承攬報酬； ３.另就部分工時時薪150元之工作，須依公司規定於約定之工作時間內參加早會並接受教育訓練(於約定之每月工作時間內，每月出席7天、每日一小時)每月總計1050~2000元。,行銷專員CA(正職),時薪 150元,https://www.104.com.tw/job/6h6yk?jobsource=2018indexpoc,莊昱暉,False,
新竹縣竹北市自強南路8號19樓之2(竹浚通訊處),日班，依公司規定,富邦人壽_竹浚通訊處(核准文號108A01號),1.銷售人身保險商品、客戶經營服務並提供富邦金控整合性金融服務；２.本職缺為業務招攬工作，實際薪酬依招攬績效按件核發各類非定額之津貼與獎金等保險承攬報酬；３.另就部分工時時薪150元之工作，須依公司規定於約定之工作時間內參加早會並接受教育訓練(於約定之每月工作時間內，每月出席7天，每日一小時)每月總計1050~2000元。,行銷專員CA(正職),時薪 150元,https://www.104.com.tw/job/2rl6x?jobsource=2018indexpoc,胡樹鴻先生,False,
屏東縣屏東市民生路287號4樓屏岳通訊處,日班，08:30~09:30,富邦人壽保險股份有限公司屏岳通訊處（核准文號108A01號）,1.銷售人身保險商品、客戶經營服務並提供富邦金控整合性金融服務；2.本職缺為業務招攬工作，實際薪酬依招攬績效按件核發各類非定額之津貼與獎金等保險承攬報酬；3.另就部分工時時薪150元之工作，須依公司規定於約定之工作時間內參加早會並接受教育訓練(於約定之每月工作時間內，每月出席7天、每日一小時)每月總計1050~2000元。,行銷專員CA(正職),時薪 150元,https://www.104.com.tw/job/4ms6t?jobsource=2018indexpoc,林軒正先生,True,上班時段錯誤(未滿8小時的時間)
新北市三峽區大觀路107號1樓富金三峽分處,日班，依公司規定,富邦人壽_富金三峽分處(藍國琛)(核准文號108A01號),工作內容1.銷售人身保險商品、客戶經營服務並提供富邦金控整合性金融服務；2.本職缺為業務招攬工作，實際薪酬依招攬績效按件核發各類非定額之津貼與獎金等保險承攬報酬；3.另就部分工時時薪150元之工作，須依公司規定於約定之工作時間內參加早會並接受教育訓練(於約定之每月工作時間內，每月出席7天、每日一小時)每月總計1050~2000元。,行銷專員CA(正職),時薪 150元,https://www.104.com.tw/job/6h68o?jobsource=2018indexpoc,藍國琛,False,
高雄市新興區民族二路95號4樓(高睿通訊處),日班，依公司規定,富邦人壽保險股份有限公司_高睿通訊處(核准文號108A01號),工作內容1.銷售人身保險商品、客戶經營服務並提供富邦金控整合性金融服務；2.本職缺為業務招攬工作，實際薪酬依招攬績效按件核發各類非定額之津貼與獎金等保險承攬報酬；3.另就部分工時時薪150元之工作，須依公司規定於約定之工作時間內參加早會並接受教育訓練(於約定之每月工作時間內，每月出席7天、每日一小時)每月總計1050~2000元。,行銷專員CA(正職),時薪 150元,https://www.104.com.tw/job/6h9cc?jobsource=2018indexpoc,張祐豪先生,False,
台北市中山區南京東路二段139號7樓之2(富瀚通訊處),日班，依公司規定,富邦人壽保險股份有限公司_富瀚通訊處(核准文號第108A01號)(巫思予),工作內容1.銷售人身保險商品、客戶經營服務並提供富邦金控整合性金融服務；2.本職缺為業務招攬工作，實際薪酬依招攬績效按件核發各類非定額之津貼與獎金等保險承攬報酬；3.另就部分工時時薪150元之工作，須依公司規定於約定之工作時間內參加早會並接受教育訓練(於約定之每月工作時間內，每月出席7天、每日一小時)每月總計1050~2000元。,行銷專員CA(正職),時薪 150元,https://www.104.com.tw/job/6hg4b?jobsource=2018indexpoc,巫小姐,False,
台北市中山區建國北路二段196號7樓(右邊辦公室）,日班，依公司規定,富邦人壽保險股份有限公司_花權一分處(陳建良)(核准文號:108A01號),工作內容1.銷售人身保險商品、客戶經營服務並提供富邦金控整合性金融服務；2.本職缺為業務招攬工作，實際薪酬依招攬績效按件核發各類非定額之津貼與獎金等保險承攬報酬；3.另就部分工時時薪150元之工作，須依公司規定於約定之工作時間內參加早會並接受教育訓練(於約定之每月工作時間內，每月出席7天、每日一小時)每月總計1050~2000元。,行銷專員CA(正職),時薪 150元,https://www.104.com.tw/job/6j2yq?jobsource=2018indexpoc,陳建良先生,False,
新北市永和區自由街70號1F,日班,富邦人壽_富碁永和分處(樊麗莉)(核准文號108A01號),1.銷售人身保險商品、客戶經營服務並提供富邦金控整合性金融服務；2.本職缺為業務招攬工作，實際薪酬依招攬績效按件核發各類非定額之津貼與獎金等保險承攬報酬；3.另就部分工時時薪150元之工作，須依公司規定於約定之工作時間內參加早會並接受教育訓練(於約定之每月工作時間內，每月出席7天、每日一小時)每月總計1050~2000元。,行銷專員CA(正職),時薪 150元,https://www.104.com.tw/job/5lsz5?jobsource=2018indexpoc,樊麗莉小姐,False,
新竹縣竹北市自強南路8號19樓之1,日班，依公司規定,富邦人壽_竹佑通訊處(核准文號108A01號),1.銷售人身保險商品、客戶經營服務並提供富邦金控整合性金融服務; 2.本職缺為業務招攬工作，實際薪酬依招攬績效按件核發各類非定額之津貼與獎金等保險承攬報酬; 3.另就部分工時時薪150元之工作，須依公司規定於約定之工作時間內參加早會並接受教育訓練(於約定之每 月工作時間內，每月出席7天、每日一小時)每月總計1050~2000元。,行銷專員CA,時薪 150元,https://www.104.com.tw/job/2wmj1?jobsource=2018indexpoc,孔威權先生,False,
台中市西屯區市政路386號32樓之8(中怡通訊處),日班，依公司規定,富邦人壽_中怡通訊處(林靖家)(核准文號108A01號),1.銷售人身保險商品、客戶經營服務並提供富邦金控整合性金融服務；2.本職缺為業務招攬工作，實際薪酬依招攬績效按件核發各類非定額之津貼與獎金等保險承攬報酬；3.另就部分工時時薪150元之工作，須依公司規定於約定之工作時間內參加早會並接受教育訓練(於約定之每月工作時間內，每月出席7天、每日一小時)每月總計1050~2000元。,行銷專員CA(正職),時薪 150元,https://www.104.com.tw/job/6cp8w?jobsource=2018indexpoc,林靖家小姐,False,
台北市士林區承德路四段192之1號10樓,日班，依公司規定,富邦人壽保險股份有限公司_富登通訊處(核准文號108A01號),1.銷售人身保險商品、客戶經營服務並提供富邦金控整合性金融服務； 2.本職缺為業務招攬工作，實際薪酬依招攬績效按件核發各類非定額之津貼與獎金等保險承攬報酬； 3.另就部分工時時薪150元之工作，須依公司規定於約定之工作時間內參加早會並接受教育訓練(於約定之每月工作時間內，每月出席7天、每日一小時)每月總計1050~2000元。,行銷專員CA(正職),時薪 150元,https://www.104.com.tw/job/67de4?jobsource=2018indexpoc,曾于恬,False,
新北市新莊區中原路228號(富範通訊處),日班，依公司規定,富邦人壽股份有限公司_富範通訊處(陳憲修),工作內容1.銷售人身保險商品、客戶經營服務並提供富邦金控整合性金融服務；2.本職缺為業務招攬工作，實際薪酬依招攬績效按件核發各類非定額之津貼與獎金等保險承攬報酬；3.另就部分工時時薪150元之工作，須依公司規定於約定之工作時間內參加早會並接受教育訓練(於約定之每月工作時間內，每月出席7天、每日一小時)每月總計1050~2000元。,行銷專員CA(正職) ,時薪 150元,https://www.104.com.tw/job/6iqcn?jobsource=2018indexpoc,㬈勝傑先生,False,
台中市西屯區市政路386號29樓之1(中耀通訊處),日班，08:30~09:30或09:00~10:00,富邦人壽保險股份有限公司_中耀通訊處(核准文號108A01號),1.銷售人身保險商品、客戶經營服務並提供富邦金控整合性金融服務；２.本職缺為業務招攬工作，實際薪酬依招攬績效按件核發各類非定額之津貼與獎金等保險承攬報酬；３.另就部分工時時薪150元之工作，須依公司規定於約定之工作時間內參加早會並接受教育訓練【業務通路】 (於約定之每月工作時間內，每月出席7天、每日一小時)每月總計1050~2000元。,【業務通路】行銷專員CA(正職),時薪 150元,https://www.104.com.tw/job/457pf?jobsource=2018indexpoc,盧姿妤,True,上班時段錯誤(未滿8小時的時間)
台北市中山區南京東路二段139號3樓之2(富右通訊處),日班,富邦人壽保險股份有限公司_富右通訊處(核准文號108A01號),1.銷售人身保險商品、客戶經營服務並提供富邦金控整合性金融服務；２.本職缺為業務招攬工作，實際薪酬依招攬績效按件核發各類非定額之津貼與獎金等保險承攬報酬；３.另就部分工時時薪150元之工作，須依公司規定於約定之工作時間內參加早會並接受教育訓練 (於約定之每月工作時間內，每月出席7天、每日一小時)每月總計1050~2000元。,行銷專員CA(正職),時薪 150元,https://www.104.com.tw/job/413zs?jobsource=2018indexpoc,原宇建,False,
台北市中正區羅斯福路四段68號15樓之1(富信通訊處),日班，08:30~09:30或09:00~10:00,富邦人壽保險股份有限公司_富信通訊處(核准文號108A01號),1.銷售人身保險商品、客戶經營服務並提供富邦金控整合性金融服務； ２.本職缺為業務招攬工作，實際薪酬依招攬績效按件核發各類非定額之津貼與獎金等保險承攬報酬； ３.另就部分工時時薪150元之工作，須依公司規定於約定之工作時間內參加早會並接受教育訓練  【業務通路】 (於約定之每月工作時間內，每月出席7天、每日一小時)每月總計1050~2000元。,行銷專員CA(正職),時薪 150元,https://www.104.com.tw/job/5d4yh?jobsource=2018indexpoc,(富信通訊處)賴銀珠經理,True,上班時段錯誤(未滿8小時的時間)
台北市大安區忠孝東路四段320號5樓(富行通訊處),日班，依公司規定,富邦人壽保險股份有限公司_富行通訊處(盧雪琦)(核准文號108A01號),1.銷售人身保險商品、客戶經營服務並提供富邦金控整合性金融服務； 2.本職缺為業務招攬工作，實際薪酬依招攬績效按件核發各類非定額之津貼與獎金等保險承攬報酬； 3.另就部分工時時薪150元之工作，須依公司規定於約定之工作時間內參加早會並接受教育訓練(於約定之每月工作時間內，每月出席7天、每日一小時)每月總計1050~2000元。,行銷專員CA(正職）,時薪 150元,https://www.104.com.tw/job/6bo4z?jobsource=2018indexpoc,盧雪琦小姐,False,
台北市松山區南京東路五段108號7樓,日班，依公司規定,富邦人壽保險股份有限公司_富愛通訊處(黃瑜琴)(核准文號108A01號),工作內容1.銷售人身保險商品、客戶經營服務並提供富邦金控整合性金融服務；2.本職缺為業務招攬工作，實際薪酬依招攬績效按件核發各類非定額之津貼與獎金等保險承攬報酬；3.另就部分工時時薪150元之工作，須依公司規定於約定之工作時間內參加早會並接受教育訓練(於約定之每月工作時間內，每月出席7天、每日一小時)每月總計1050~2000元。,行銷專員CA(正職),時薪 150元,https://www.104.com.tw/job/6gzq6?jobsource=2018indexpoc,黃小姐,False,
台北市松山區八德路三段20號9樓之2(富碁通訊處),日班，日班08:30~09:30／日班09:00~10:00,富邦人壽_富碁通訊處(卜俊寧)(核准文號108A01號),1.銷售人身保險商品、客戶經營服務並提供富邦金控整合性金融服務；２.本職缺為業務招攬工作，實際薪酬依招攬績效按件核發各類非定額之津貼與獎金等保險承攬報酬；３.另就部分工時時薪150元之工作，須依公司規定於約定之工作時間內參加早會並接受教育訓練【業務通路】 (於約定之每月工作時間內，每月出席7天、每日一小時)每月總計1050~2000元。,行銷專員(正職),時薪 150元,https://www.104.com.tw/job/4qv9t?jobsource=2018indexpoc,卜俊寧,True,上班時段錯誤(未滿8小時的時間)
台南市中西區民生路二段279號7樓(南嘉通訊處),日班,富邦人壽_南嘉通訊處(核准文號108A01號),1.銷售人身保險商品、客戶經營服務並提供富邦金控整合性金融服務2.本職缺為業務招攬工作，實際薪酬依招攬績效按件核發各類非定額之津貼與獎金等保險承攬報酬3.另就部分工時時薪150元之工作，須依公司規定於約定之工作時間內參加早會並接受教育訓練(於約定之每月工作時間內，每月出席7天、每日一小時)每月總計1050~2000元。,行銷專員CA(正職),時薪 150元,https://www.104.com.tw/job/31bxh?jobsource=2018indexpoc,李先生,False,
台北市大安區敦化南路二段97號3A樓,日班，依公司規定,富邦人壽保險股份有限公司_富尊通訊處(核准文號108A01號),工作內容1.銷售人身保險商品、客戶經營服務並提供富邦金控整合性金融服務； 2.本職缺為業務招攬工作，實際薪酬依招攬績效按件核發各類非定額之津貼與獎金等保險承攬報酬； 3.另就部分工時時薪150元之工作，須依公司規定於約定之工作時間內參加早會並接受教育訓練(於約定之每月工作時間內，每月出席7天、每日一小時)每月總計1050~2000元。,行銷專員CA(正職),時薪 150元,https://www.104.com.tw/job/53ujw?jobsource=2018indexpoc,吳幸綺,False,
台北市中山區建國北路二段236號5樓,日班，依公司規定,富邦人壽保險股份有限公司_富策一分處(核准文號108A01),工作內容1.銷售人身保險商品、客戶經營服務並提供富邦金控整合性金融服務； 2.本職缺為業務招攬工作，實際薪酬依招攬績效按件核發各類非定額之津貼與獎金等保險承攬報酬； 3.另就部分工時時薪150元之工作，須依公司規定於約定之工作時間內參加早會並接受教育訓練(於約定之每月工作時間內，每月出席7天、每日一小時)每月總計1050~2000元。,行銷專員CA(正職),時薪 150元,https://www.104.com.tw/job/6hbtt?jobsource=2018indexpoc,張喬鈞先生,False,
台中市大里區成功路512號2樓(中樂通訊處),日班，依公司規定,富邦人壽保險股份有限公司_中樂通訊處(核准文號108A01號),工作內容1.銷售人身保險商品、客戶經營服務並提供富邦金控整合性金融服務；2.本職缺為業務招攬工作，實際薪酬依招攬績效按件核發各類非定額之津貼與獎金等保險承攬報酬；3.另就部分工時時薪150元之工作，須依公司規定於約定之工作時間內參加早會並接受教育訓練(於約定之每月工作時間內，每月出席7天、每日一小時)每月總計1050~2000元。,行銷專員CA(正職),時薪 150元,https://www.104.com.tw/job/6h08m?jobsource=2018indexpoc,李坤樹先生,False,
台中市西屯區市政路386號26樓之3(中辰通訊處）,日班，9:00~10:00,富邦人壽保險股份有限公司_中辰通訊處(核准文號108A01)(陳慧玲),工作內容:1.銷售人身保險商品、客戶經營服務並提供富邦金控整合性金融服務; 2.本職缺為業務招攬工作，實際薪酬依招攬績效按件核發各類非定額之津貼與獎金等保險承攬報酬; 3.另就部分工時時薪150元之工作，須依公司規定於約定之工作時間內參加早會並接受教育訓練(於約定之每 月工作時間內，每月出席7天、每日一小時)每月總計1050~2000元。,行銷專員ＣＡ(正職）,時薪 150元,https://www.104.com.tw/job/3z371?jobsource=2018indexpoc,陳慧玲/吳靖慈,True,上班時段錯誤(未滿8小時的時間)
台北市信義區基隆路一段210號10樓(富掬通訊處),日班，依公司規定,富邦人壽保險股份有限公司_富掬通訊處(蔡偉軒)(核淮文號108A01號),工作內容1.銷售人身保險商品、客戶經營服務並提供富邦金控整合性金融服務；2.本職缺為業務招攬工作，實際薪酬依招攬績效按件核發各類非定額之津貼與獎金等保險承攬報酬；3.另就部分工時時薪150元之工作，須依公司規定於約定之工作時間內參加早會並接受教育訓練(於約定之每月工作時間內，每月出席7天、每日一小時)每月總計1050~2000元。,行銷專員CA(正職),時薪 150元,https://www.104.com.tw/job/6h5ki?jobsource=2018indexpoc,蔡偉軒先生,False,
台北市松山區敦化南路一段108號14樓,日班，依公司規定,富邦人壽保險股份有限公司_富德二分處(吳佳臻),工作內容1.銷售人身保險商品、客戶經營服務並提供富邦金控整合性金融服務； 2.本職缺為業務招攬工作，實際薪酬依招攬績效按件核發各類非定額之津貼與獎金等保險承攬報酬； 3.另就部分工時時薪150元之工作，須依公司規定於約定之工作時間內參加早會並接受教育訓練(於約定之每月工作時間內，每月出席7天、每日一小時)每月總計1050~2000元。,行銷專員CA(正職),時薪 150元,https://www.104.com.tw/job/6phfb?jobsource=2018indexpoc,吳佳臻小姐,True,上班地點錯誤(總公司)
高雄市苓雅區中正二路175號26樓之二(高嵩通訊處),日班，8:30~9:30或9:00~10:00,富邦人壽保險股份有限公司_高嵩通訊處(核准文號108A01號),1.銷售人身保險商品、客戶經營服務並提供富邦金控整合性金融服務；2.本職缺為業務招攬工作，實際薪酬依招攬績效按件核發各類非定額之津貼與獎金等保險承攬報酬；3.另就部分工時時薪150元之工作，須依公司規定於約定之工作時間內參加早會並接受教育訓練(於約定之每月工作時間內，每月出席7天、每日一小時)每月總計1050~2000元。,行銷專員CA(正職),時薪 150元,https://www.104.com.tw/job/3axxb?jobsource=2018indexpoc,李曉郁經理,True,上班時段錯誤(未滿8小時的時間)
台北市士林區承德路四段192之1號12樓,日班，依公司規定,富邦人壽保險股份有限公司_富榮二分處(謝麗娟)(核准文號108A01),工作內容1.銷售人身保險商品、客戶經營服務並提供富邦金控整合性金融服務； 2.本職缺為業務招攬工作，實際薪酬依招攬績效按件核發各類非定額之津貼與獎金等保險承攬報酬； 3.另就部分工時時薪150元之工作，須依公司規定於約定之工作時間內參加早會並接受教育訓練(於約定之每月工作時間內，每月出席7天、每日一小時)每月總計1050~2000元。,行銷專員CA(正職),時薪 150元,https://www.104.com.tw/job/6kgbs?jobsource=2018indexpoc,吳俊賢,False,
新北市蘆洲區光復路26號,日班，依公司規定,富邦人壽保險股份有限公司_富尊通訊處蘆洲分處(林芷瑄),工作內容1.銷售人身保險商品、客戶經營服務並提供富邦金控整合性金融服務；2.本職缺為業務招攬工作，實際薪酬依招攬績效按件核發各類非定額之津貼與獎金等保險承攬報酬；3.另就部分工時時薪150元之工作，須依公司規定於約定之工作時間內參加早會並接受教育訓練(於約定之每月工作時間內，每月出席7天、每日一小時)每月總計1050~2000元。,行銷專員CA(正職),時薪 150元,https://www.104.com.tw/job/6je6s?jobsource=2018indexpoc,林芷瑄小姐,False,
高雄市新興區民族二路95號5樓A區(高登通訊處),日班，依公司規定,富邦人壽保險股份有限公司_高登通訊處(核准文號108A01號),工作內容1.銷售人身保險商品、客戶經營服務並提供富邦金控整合性金融服務；2.本職缺為業務招攬工作，實際薪酬依招攬績效按件核發各類非定額之津貼與獎金等保險承攬報酬；3.另就部分工時時薪150元之工作，須依公司規定於約定之工作時間內參加早會並接受教育訓練(於約定之每月工作時間內，每月出席7天、每日一小時)每月總計1050~2000元。,行銷專員CA(正職),時薪 150元,https://www.104.com.tw/job/6hj4q?jobsource=2018indexpoc,姚月珠小姐,False,
台中市西屯區市政路386號32樓之7(中佳通訊處),日班，0830-0930,富邦人壽保險股份有限公司_中佳通訊處(核准文號108A01號),1.銷售人身保險商品、客戶經營服務並提供富邦金控整合性金融服務；2.本職缺為業務招攬工作，實際薪酬依招攬績效按件核發各類非定額之津貼與獎金等保險承攬報酬；3.另就部分工時時薪150元之工作，須依公司規定於約定之工作時間內參加早會並接受教育訓練(於約定之每月工作時間內，每月出席7天、每日一小時)每月總計1050~2000元。,行銷專員CA(正職),時薪 150元,https://www.104.com.tw/job/3sk7s?jobsource=2018indexpoc,劉騰森先生,False,
台中市沙鹿區台灣大道七段566號(中海通訊處),日班,富邦人壽保險股份有限公司_中海通訊處(核准文號108A01號),1.銷售人身保險商品、客戶經營服務並提供富邦金控整合性金融服務； 2.本職缺為業務招攬工作，實際薪酬依招攬績效按件核發各類非定額之津貼與獎金等保險承攬報酬； 3.另就部分工時時薪150元之工作，須依公司規定於約定之工作時間內參加早會並接受教育訓練(於約定之每月工作時間內，每月出席7天、每日一小時)每月總計1050~2000元。,行銷專員CA(正職),時薪 150元,https://www.104.com.tw/job/5c3kg?jobsource=2018indexpoc,涂依婷小姐,False,
高雄市苓雅區建國一路109號12樓(高福通訊處),日班，依公司規定,富邦人壽_高福通訊處(李佩娟)(核准文號108A01號),1.銷售人身保險商品、客戶經營服務並提供富邦金控整合性金融服務；2.本職缺為業務招攬工作，實際薪酬依招攬績效按件核發各類非定額之津貼與獎金等保險承攬報酬；3.另就部分工時時薪150元之工作，須依公司規定於約定之工作時間內參加早會並接受教育訓練(於約定之每月工作時間內，每月出席7天、每日一小時)每月總計1050~2000元。,行銷專員CA(正職),時薪 150元,https://www.104.com.tw/job/5f4c3?jobsource=2018indexpoc,李佩娟,False,
台北市松山區八德路三段34號6樓A室(富滿通訊處),日班，依公司規定,富邦人壽_富滿通訊處(王凌律業務經理)(核准文號108A01號),1.銷售人身保險商品、客戶經營服務並提供富邦金控整合性金融服務；2.本職缺為業務招攬工作，實際薪酬依招攬績效按件核發各類非定額之津貼與獎金等保險承攬報酬；3.另就部分工時時薪150元之工作，須依公司規定於約定之工作時間內參加早會並接受教育訓練(於約定之每月工作時間內，每月出席7天、每日一小時)每月總計1050~2000元。,行銷專員CA,時薪 150元,https://www.104.com.tw/job/exvj?jobsource=2018indexpoc,王凌律0935184215,False,
台北市中正區襄陽路9號9樓,日班,富邦人壽保險股份有限公司_富琦通訊處(卜如丹)(核准文號108A01),工作內容 1.銷售人身保險商品、客戶經營服務並提供富邦金控整合性金融服務；2.本職缺為業務招攬工作，實際薪酬依招攬績效按件核發各類非定額之津貼與獎金等保險承攬報酬；3.另就部分工時時薪150元之工作，須依公司規定於約定之工作時間內參加早會並接受教育訓練(於約定之每月工作時間內，每月出席7天、每日一小時)每月總計1050~2000元。,行銷專員CA(正職),時薪 150元,https://www.104.com.tw/job/6iwpm?jobsource=2018indexpoc,卜如丹小姐,False,
高雄市小港區宏平路73之1號1樓(高福小港分處),日班，依公司規定,富邦人壽保險股份有限公司_高福小港分處(核准文號108A01號),工作內容1.銷售人身保險商品、客戶經營服務並提供富邦金控整合性金融服務；2.本職缺為業務招攬工作，實際薪酬依招攬績效按件核發各類非定額之津貼與獎金等保險承攬報酬；3.另就部分工時時薪150元之工作，須依公司規定於約定之工作時間內參加早會並接受教育訓練(於約定之每月工作時間內，每月出席7天、每日一小時)每月總計1050~2000元。,行銷專員CA(正職),時薪 150元,https://www.104.com.tw/job/6aerr?jobsource=jolist_b_relevance,林智文分處經理,False,
台中市西屯區市政路386號33樓之3(中貿一分處),日班，依公司規定,富邦人壽保險股份有限公司_中貿一分處(張世鵬)(核准文號108A01號),1.銷售人身保險商品、客戶經營服務並提供富邦金控整合性金融服務；2.本職缺為業務招攬工作，實際薪酬依招攬績效按件核發各類非定額之津貼與獎金等保險承攬報酬；3.另就部分工時時薪150元之工作，須依公司規定於約定之工作時間內參加早會並接受教育訓練(於約定之每月工作時間內，每月出席7天、每日一小時)每月總計1050~2000元。,行銷專員CA(正職),時薪 150元,https://www.104.com.tw/job/69ddy?jobsource=jolist_b_relevance,張世鵬先生,False,
新北市三重區慈愛街1號1-2樓(富白通訊處),日班，依公司規定,富邦人壽保險股份有限公司_富白通訊處(核准文號108A01號),1.銷售人身保險商品、客戶經營服務並提供富邦金控整合性金融服務； 2.本職缺為業務招攬工作，實際薪酬依招攬績效按件核發各類非定額之津貼與獎金等保險承攬報酬；3.另就部分工時時薪150元之工作，須依公司規定於約定之工作時間內參加早會並接受教育訓練(於約定之每月工作時間內，每月出席7天、每日一小時)每月總計1050~2000元。,行銷專員CA(正職),時薪 150元,https://www.104.com.tw/job/3nkdc?jobsource=jolist_b_relevance,白翔宇 處經理,False,
桃園市中壢區中央西路一段120號20樓之1(桃禧通訊處),日班，依公司規定,富邦人壽保險股份有限公司_桃禧通訊處(林亞萍-核准文號108A01號),工作內容1.銷售人身保險商品、客戶經營服務並提供富邦金控整合性金融服務；2.本職缺為業務招攬工作，實際薪酬依招攬績效按件核發各類非定額之津貼與獎金等保險承攬報酬；3.另就部分工時時薪150元之工作，須依公司規定於約定之工作時間內參加早會並接受教育訓練(於約定之每月工作時間內，每月出席7天、每日一小時)每月總計1050~2000元。,行銷專員CA(正職),時薪 150元,https://www.104.com.tw/job/4mxat?jobsource=jolist_b_relevance,林亞萍,False,
高雄市前金區中華三路21號2樓（高飛通訊處）,日班,富邦人壽保險股份有限公司_高飛通訊處(核准文號108A01號),1.銷售人身保險商品、客戶經營服務並提供富邦金控整合性金融服務；２.本職缺為業務招攬工作，實際薪酬依招攬績效按件核發各類非定額之津貼與獎金等保險承攬報酬；３.另就部分工時時薪150元之工作，須依公司規定於約定之工作時間內參加早會並接受教育訓練(於約定之每月工作時間內，每月出席7天、每日一小時)每月總計1050~2000元。,行銷專員CA(正職),時薪 150元,https://www.104.com.tw/job/6h8wp?jobsource=jolist_b_relevance,李毓珊,False,
台北市萬華區桂林路52號10樓(富漾通訊處),日班，依公司規定,富邦人壽保險股份有限公司_富漾通訊處(翁嘉祥)(核准文號108A01號),工作內容1.銷售人身保險商品、客戶經營服務並提供富邦金控整合性金融服務；2.本職缺為業務招攬工作，實際薪酬依招攬績效按件核發各類非定額之津貼與獎金等保險承攬報酬；3.另就部分工時時薪150元之工作，須依公司規定於約定之工作時間內參加早會並接受教育訓練(於約定之每月工作時間內，每月出席7天、每日一小時)每月總計1050~2000元。,行銷專員CA(正職),時薪 150元,https://www.104.com.tw/job/6hqel?jobsource=jolist_b_relevance,曹嘉玲小姐,False,
新北市板橋區縣民大道二段68號20樓之2_富晉通訊處,日班，(依公司規定),富邦人壽保險股份有限公司_富晉通訊處(李凱翔)(核准文號108A01號),1.銷售人身保險商品、客戶經營服務並提供富邦金控整合性金融服務； 2.本職缺為業務招攬工作，實際薪酬依招攬績效按件核發各類非定額之津貼與獎金等保險承攬報酬； 3.另就部分工時時薪150元之工作，須依公司規定於約定之工作時間內參加早會並接受教育訓練(於約定之每月工作時間內，每月出席7天、每日一小時)每月總計1050~2000元。,行銷專員CA(正職),時薪 150元,https://www.104.com.tw/job/4mnq4?jobsource=jolist_b_relevance,李凱翔 業務經理,False,
台北市中山區建國北路二段238號9樓(富德通訊處),日班，依公司規定,富邦人壽保險股份有限公司_富德通訊處(核准文號108A01號),工作內容1.銷售人身保險商品、客戶經營服務並提供富邦金控整合性金融服務； 2.本職缺為業務招攬工作，實際薪酬依招攬績效按件核發各類非定額之津貼與獎金等保險承攬報酬； 3.另就部分工時時薪150元之工作，須依公司規定於約定之工作時間內參加早會並接受教育訓練(於約定之每月工作時間內，每月出席7天、每日一小時)每月總計1050~2000元。,行銷專員CA(正職),時薪 150元,https://www.104.com.tw/job/6qq3h?jobsource=jolist_b_relevance,王建翔先生,False,
台中市西屯區市政路386號33樓之1(中江通訊處),日班，08:30~09:30或09:00~10:00,富邦人壽_中江通訊處(核准文號108A01號),1.銷售人身保險商品、客戶經營服務並提供富邦金控整合性金融服務； 2.本職缺為業務招攬工作，實際薪酬依招攬績效按件核發各類非定額之津貼與獎金等保險承攬報酬； 3.另就部分工時時薪150元之工作，須依公司規定於約定之工作時間內參加早會並接受教育訓練(於約定之每月工作時間內，每月出席7天、每日一小時)每月總計1050~2000元。,行銷專員CA(正職),時薪 150元,https://www.104.com.tw/job/58osa?jobsource=jolist_b_relevance,吳心怡小姐,True,上班時段錯誤(未滿8小時的時間)
台北市松山區八德路三段20號8樓D區,日班，依公司規定,富邦人壽保險股份有限公司_富傳通訊處(張鴻佑)(核准文號108A01號),工作內容1.銷售人身保險商品、客戶經營服務並提供富邦金控整合性金融服務；2.本職缺為業務招攬工作，實際薪酬依招攬績效按件核發各類非定額之津貼與獎金等保險承攬報酬；3.另就部分工時時薪150元之工作，須依公司規定於約定之工作時間內參加早會並接受教育訓練(於約定之每月工作時間內，每月出席7天、每日一小時)每月總計1050~2000元。,行銷專員CA(正職),時薪 150元,https://www.104.com.tw/job/6h0fx?jobsource=jolist_b_relevance,張鴻佑先生,False,
台北市中山區建國北路二段236號5樓,日班，依公司規定,富邦人壽保險股份有限公司_富商通訊處(張蓉)(核准文號108A01號),工作內容1.銷售人身保險商品、客戶經營服務並提供富邦金控整合性金融服務； 2.本職缺為業務招攬工作，實際薪酬依招攬績效按件核發各類非定額之津貼與獎金等保險承攬報酬； 3.另就部分工時時薪150元之工作，須依公司規定於約定之工作時間內參加早會並接受教育訓練(於約定之每月工作時間內，每月出席7天、每日一小時)每月總計1050~2000元。,行銷專員CA(正職),時薪 150元,https://www.104.com.tw/job/6hbub?jobsource=jolist_b_relevance,張小姐,False,
台北市松山區南京東路五段108號14樓,日班，依公司規定,富邦人壽保險股份有限公司_富安通訊處(核准文號-108A01),工作內容1.銷售人身保險商品、客戶經營服務並提供富邦金控整合性金融服務；2.本職缺為業務招攬工作，實際薪酬依招攬績效按件核發各類非定額之津貼與獎金等保險承攬報酬；3.另就部分工時時薪150元之工作，須依公司規定於約定之工作時間內參加早會並接受教育訓練(於約定之每月工作時間內，每月出席7天、每日一小時)每月總計1050~2000元。,行銷專員CA(正職),時薪 150元,https://www.104.com.tw/job/6h3qo?jobsource=jolist_b_relevance,吳澤青經理,False,
台北市信義區基隆路一段210號4樓(富學通訊處),日班，依公司規定,富邦人壽保險股份有限公司_富學通訊處(陳嘉瑋)(核准文號108A01號),工作內容1.銷售人身保險商品、客戶經營服務並提供富邦金控整合性金融服務；2.本職缺為業務招攬工作，實際薪酬依招攬績效按件核發各類非定額之津貼與獎金等保險承攬報酬；3.另就部分工時時薪150元之工作，須依公司規定於約定之工作時間內參加早會並接受教育訓練(於約定之每月工作時間內，每月出席7天、每日一小時)每月總計1050~2000元。,行銷專員CA(正職),時薪 150元,https://www.104.com.tw/job/6gznv?jobsource=jolist_b_relevance,陳嘉瑋先生,False,
台北市信義區基隆路一段210號4樓(富學通訊處),日班，依公司規定,富邦人壽保險股份有限公司_富學通訊處(潘志業)(核准文號108A01號),工作內容1.銷售人身保險商品、客戶經營服務並提供富邦金控整合性金融服務；2.本職缺為業務招攬工作，實際薪酬依招攬績效按件核發各類非定額之津貼與獎金等保險承攬報酬；3.另就部分工時時薪150元之工作，須依公司規定於約定之工作時間內參加早會並接受教育訓練(於約定之每月工作時間內，每月出席7天、每日一小時)每月總計1050~2000元。,行銷專員CA(正職),時薪 150元,https://www.104.com.tw/job/6gzoh?jobsource=jolist_b_relevance,潘志業,False,
台北市松山區南京東路五段108號10樓,日班，依公司規定,富邦人壽保險股份有限公司_富雙通訊處(吳佳融)核准文號108A01號,1.銷售人身保險商品、客戶經營服務並提供富邦金控整合性金融服務；2.本職缺為業務招攬工作，實際薪酬依招攬績效按件核發各類非定額之津貼與獎金等保險承攬報酬；3.另就部分工時時薪150元之工作，須依公司規定於約定之工作時間內參加早會並接受教育訓練(於約定之每月工作時間內，每月出席7天、每日一小時)每月總計1050~2000元。,行銷專員CA,時薪 150元,https://www.104.com.tw/job/5yse5?jobsource=jolist_b_relevance,吳先生,False,
屏東縣屏東市民生路287號6樓(屏翔通訊處),日班，依公司規定,富邦人壽保險股份有限公司_屏翔通訊處(沈佩儒)(核淮文號108A01號),1.銷售人身保險商品、客戶經營服務並提供富邦金控整合性金融服務。2.本職缺為業務招攬工作，實際薪酬依招攬績效按件核發各類非定額之津貼與獎金等保險承攬報酬。3.另就部分工時時薪150元之工作，須依公司規定於約定之工作時間內參加早會並接受教育訓練(於約定之每月工作時間內，每月出席7天、每日一小時)每月總計1050~2000元。,行銷專員CA(正職),時薪 150元,https://www.104.com.tw/job/5huol?jobsource=jolist_b_relevance,沈小姐,False,
桃園市中壢區慈惠一街156號5樓桃采通訊處,日班，依公司規定,富邦人壽_桃采通訊處(吳志宏 業務主任)(核准文號108A01號),1.銷售人身保險商品、客戶經營服務並提供富邦金控整合性金融服務； 2.本職缺為業務招攬工作，實際薪酬依招攬績效按件核發各類非定額之津貼與獎金等保險承攬報酬； 3.另就部分工時時薪150元之工作，須依公司規定於約定之工作時間內參加早會並接受教育訓練(於約定之每月工作時間內，每月出席7天、每日一小時)每月總計1050~2000元。,行銷專員CA(正職),時薪 150元,https://www.104.com.tw/job/5no2e?jobsource=jolist_b_relevance,吳志宏 業務主任,False,
高雄市苓雅區中正二路175號9樓之2(高新通訊處）,日班，830-930,富邦人壽保險股份有限公司_高新通訊處(核准文號108A01號),1.銷售人身保險商品、客戶經營服務並提供富邦金控整合性金融服務；２.本職缺為業務招攬工作，實際薪酬依招攬績效按件核發各類非定額之津貼與獎金等保險承攬報酬；３.另就部分工時時薪150元之工作，須依公司規定於約定之工作時間內參加早會並接受教育訓練(於約定之每月工作時間內，每月出席7天、每日一小時)每月總計1050~2000元。,行銷專員CA(正職),時薪 150元,https://www.104.com.tw/job/4e3r8?jobsource=2018indexpoc,莊昱峰,False,
台北市信義區基隆路一段210號4樓(富學通訊處),日班，依公司規定,富邦人壽保險股份有限公司_富學通訊處(吳函穎)(核准文號108A01號),工作內容1.銷售人身保險商品、客戶經營服務並提供富邦金控整合性金融服務；2.本職缺為業務招攬工作，實際薪酬依招攬績效按件核發各類非定額之津貼與獎金等保險承攬報酬；3.另就部分工時時薪150元之工作，須依公司規定於約定之工作時間內參加早會並接受教育訓練(於約定之每月工作時間內，每月出席7天、每日一小時)每月總計1050~2000元。,行銷專員CA(正職),時薪 150元,https://www.104.com.tw/job/6gzoo?jobsource=2018indexpoc,吳函穎,False,
台北市信義區11071基隆路一段210號3樓(富優通訊處),日班，依公司規定,富邦人壽保險股份有限公司_富優通訊處(王愛芬經理)(核准文號:108A01號),工作內容1.銷售人身保險商品、客戶經營服務並提供富邦金控整合性金融服務；2.本職缺為業務招攬工作，實際薪酬依招攬績效按件核發各類非定額之津貼與獎金等保險承攬報酬；3.另就部分工時時薪150元之工作，須依公司規定於約定之工作時間內參加早會並接受教育訓練(於約定之每月工作時間內，每月出席7天、每日一小時)每月總計1050~2000元。,行銷專員CA(正職),時薪 150元,https://www.104.com.tw/job/6h0sf?jobsource=2018indexpoc,王愛芬小姐/鄧日中先生,False,
台北市中山區建國北路二段196號6樓-花宸通訊處,日班，08:30~09:30或09:00~10:00,富邦人壽保險股份有限公司_花宸通訊處 (核准文號108A01號),1.銷售人身保險商品、客戶經營服務並提供富邦金控整合性金融服務；2.本職缺為業務招攬工作，實際薪酬依招攬績效按件核發各類非定額之津貼與獎金等保險承攬報酬；3.另就部分工時時薪150元之工作，須依公司規定於約定之工作時間內參加早會並接受教育訓練(於約定之每月工作時間內，每月出席7天、每日一小時)每月總計1050~2000元。,行銷專員CA(正職),時薪 150元,https://www.104.com.tw/job/3ke7t?jobsource=2018indexpoc,陳玉玲小姐,True,上班時段錯誤(未滿8小時的時間)
苗栗縣竹南鎮立達街1號3樓(竹宸通訊處),日班，900-1000,富邦人壽_竹宸通訊處(闕博川)(核准文號108A01號),工作內容1.銷售人身保險商品、客戶經營服務並提供富邦金控整合性金融服務;2.本職缺為業務招攬工作，實際薪酬依招攬績效按件核發各類非定額之津貼與獎金等保險承攬報酬;3。另就部份工時時薪150元之工作，須依公司規定於約定之工作時間內參加早會並接受訓練（於約定之每月工作時間內，每月出席7天、每日一小時）每月總計1050~2000元。,行銷專員CA（正職）,時薪 150元,https://www.104.com.tw/job/5pqv3?jobsource=2018indexpoc,闕博川先生,False,
台北市中山區建國北路二段238號9樓(富德通訊處),日班，依公司規定,富邦人壽_富德通訊處_核准文號108A01號,工作內容1.銷售人身保險商品、客戶經營服務並提供富邦金控整合性金融服務；2.本職缺為業務招攬工作，實際薪酬依招攬績效按件核發各類非定額之津貼與獎金等保險承攬報酬；3.另就部分工時時薪150元之工作，須依公司規定於約定之工作時間內參加早會並接受教育訓練(於約定之每月工作時間內，每月出席7天、每日一小時)每月總計1050~2000元。,行銷專員CA(正職）,時薪 150元,https://www.104.com.tw/job/3e21u?jobsource=2018indexpoc,林純惠小姐,False,
台南市中西區工作地點為台南地區,日班，08:30~17:30,富邦人壽保險股份有限公司(總公司),【工作內容】1.銀行保險通路協銷支援。2.工作地點:總公司/分公司。3.協助銀行/證券理財業務人員之保險商品及專業教育訓練、銷售輔導。4.強化與銀行分工合作關係，負責蒐集、彙整金融與保險的各類市場資訊，並主動        反應通路問題、提出建設性建議。5.輔導保險銷售相關客戶服務事項。【員工福利】1.保障底薪及津貼、績效獎金、年終獎金另計。2.團險公單員工本人保費100%由公司全額負擔。3.享有員工持股信託、勞退相對提撥。4.享有勞、健保及團體保險(含眷屬)、其他員工福利(定期員工健康檢查、結婚及喪   葬補助等)、週休二日。5.提供完整教育訓練，培養成為銀行保險通路專業人才。,銀行保險儲備幹部(協銷副理)-台南地區,"月薪 30,000~50,000元",https://www.104.com.tw/job/6hwdv?jobsource=2018indexpoc,王小姐,True,薪資福利錯誤
彰化縣員林市大同路一段338號4樓之1(彰泰通訊處),日班，依公司規定,富邦人壽保險股份有限公司_彰泰通訊處(張淑青)(核准文號108A01),1.銷售人身保險商品、客戶經營服務並提供富邦金控整合性金融服務； ２.本職缺為業務招攬工作，實際薪酬依招攬績效按件核發各類非定額之津貼與獎金等保險承攬報酬； ３.另就部分工時時薪150元之工作，須依公司規定於約定之工作時間內參加早會並接受教育訓練 (於約定之每月工作時間內，每月出席7天、每日一小時)每月總計1050~2000元。,行銷專員CA(正職),時薪 150元,https://www.104.com.tw/job/6cxtu?jobsource=2018indexpoc,張淑青,False,
新竹縣竹北市自強南路8號19樓之1竹科通訊處,日班，依公司規定,富邦人壽保險股份有限公司_竹科通訊處(顏世偉)(核准文號108A01號),1.銷售人身保險商品、客戶經營服務並提供富邦金控整合性金融服務; 2.本職缺為業務招攬工作，實際薪酬依招攬績效按件核發各類非定額之津貼與獎金等保險承攬報酬; 3.另就部分工時時薪150元之工作，須依公司規定於約定之工作時間內參加早會並接受教育訓練(於約定之每 月工作時間內，每月出席7天、每日一小時)每月總計1050~2000元。,行銷專員CA(正職),時薪 150元,https://www.104.com.tw/job/6ett5?jobsource=2018indexpoc,顏世偉先生,False,
台北市中山區建國北路二段236號10樓(TP805富合通訊處),日班，依公司規定,富邦人壽保險股份有限公司_富合通訊處(陳琬蓉)(核准文號108A01號),1.銷售人身保險商品、客戶經營服務並提供富邦金控整合性金融服務； 2.本職缺為業務招攬工作，實際薪酬依招攬績效按件核發各類非定額之津貼與獎金等保險承攬報酬；3.另就部分工時時薪150元之工作，須依公司規定於約定之工作時間內參加早會並接受教育訓練(於約定之每月工作時間內，每月出席7天、每日一小時)每月總計1050~2000元。,行銷專員CA(正職),時薪 150元,https://www.104.com.tw/job/6g04n?jobsource=2018indexpoc,陳琬蓉小姐,False,
台北市信義區基隆路一段210號4樓(富學通訊處),日班，依公司規定,富邦人壽保險股份有限公司_富學通訊處(魏姜羚)(核准文號108A01號),工作內容1.銷售人身保險商品、客戶經營服務並提供富邦金控整合性金融服務；2.本職缺為業務招攬工作，實際薪酬依招攬績效按件核發各類非定額之津貼與獎金等保險承攬報酬；3.另就部分工時時薪150元之工作，須依公司規定於約定之工作時間內參加早會並接受教育訓練(於約定之每月工作時間內，每月出席7天、每日一小時)每月總計1050~2000元。,行銷專員CA(正職),時薪 150元,https://www.104.com.tw/job/6gzoz?jobsource=2018indexpoc,魏姜羚,False,
台北市中山區建國北路二段238號6樓_富宅通訊處,日班,富邦人壽保險股份有限公司_富宅通訊處(張菱洳)(核准文號108A01號),1.銷售人身保險商品、客戶經營服務並提供富邦金控整合性金融服務；2.本職缺為業務招攬工作，實際薪酬依招攬績效按件核發各類非定額之津貼與獎金等保險承攬報酬；3.另就部分工時時薪150元之工作，須依公司規定於約定之工作時間內參加早會並接受教育訓練(於約定之每月工作時間內，每月出席7天、每日一小時)每月總計1050~2000元。,行銷專員CA,時薪 150元,https://www.104.com.tw/job/4cj98?jobsource=2018indexpoc,張小姐,False,
屏東縣屏東市民生路287號4樓(屏昇通訊處),日班，依公司規定,富邦人壽保險股份有限公司_屏昇通訊處(核准文號:108A01號),工作內容1.銷售人身保險商品、客戶經營服務並提供富邦金控整合性金融服務； 2.本職缺為業務招攬工作，實際薪酬依招攬績效按件核發各類非定額之津貼與獎金等保險承攬報酬； 3.另就部分工時時薪150元之工作，須依公司規定於約定之工作時間內參加早會並接受教育訓練(於約定之每月工作時間內，每月出席7天、每日一小時)每月總計1050~2000元。,行銷專員CA(正職),時薪 150元,https://www.104.com.tw/job/5mxeu?jobsource=2018indexpoc,陳建霖,False,
台北市中山區建國北路二段238號6樓,日班,富邦人壽_富宅通訊處(翁健智)(核准文號108A01),1.銷售人身保險商品、客戶經營服務並提供富邦金控整合性金融服務；2.本職缺為業務招攬工作，實際薪酬依招攬績效按件核發各類非定額之津貼與獎金等保險承攬報酬；3.另就部分工時時薪150元之工作，須依公司規定於約定之工作時間內參加早會並接受教育訓練(於約定之每月工作時間內，每月出席7天、每日一小時)每月總計1050~2000元。,行銷專員CA,時薪 150元,https://www.104.com.tw/job/3l0iu?jobsource=2018indexpoc,翁先生,False,
新北市板橋區三民路二段37號4樓,日班，依公司規定,富邦人壽保險股份有限公司_邦僑通訊處(廖睿圳)(核准文號108A01號),1.銷售人身保險商品、客戶經營服務並提供富邦金控整合性金融服務；２.本職缺為業務招攬工作，實際薪酬依招攬績效按件核發各類非定額之津貼與獎金等保險承攬報酬；３.另就部分工時時薪150元之工作，須依公司規定於約定之工作時間內參加早會並接受教育訓練 (於約定之每月工作時間內，每月出席7天、每日一小時)每月總計1050~2000元。,行銷專員CA(正職),時薪 150元,https://www.104.com.tw/job/5bxrn?jobsource=2018indexpoc,廖先生,False,
台北市大安區忠孝東路四段320號3樓(富首通訊處),日班，09:00~10:00,富邦人壽保險股份有限公司_富首通訊處(呂雲翔)(核准文號108A01號),1.銷售人身保險商品、客戶經營服務並提供富邦金控整合性金融服務； 2.本職缺為業務招攬工作，實際薪酬依招攬績效按件核發各類非定額之津貼與獎金等保險承攬報酬； 3.另就部分工時時薪150元之工作，須依公司規定於約定之工作時間內參加早會並接受教育訓練(於約定之每月工作時間內，每月出席7天、每日一小時)每月總計1050~2000元。,行銷專員,時薪 150元,https://www.104.com.tw/job/6mnbp?jobsource=2018indexpoc,呂雲翔業務主任,True,上班時段錯誤(未滿8小時的時間)
台北市信義區工作地點為台北地區,日班，08:30~17:30,富邦人壽保險股份有限公司(總公司),【工作內容】1.銀行保險通路協銷支援。2.工作地點:總公司/分公司。3.協助銀行/證券理財業務人員之保險商品及專業教育訓練、銷售輔導。4.強化與銀行分工合作關係，負責蒐集、彙整金融與保險的各類市場資訊，並主動        反應通路問題、提出建設性建議。5.輔導保險銷售相關客戶服務事項。【員工福利】1.保障底薪及津貼、績效獎金、年終獎金另計。2.團險公單員工本人保費100%由公司全額負擔。3.享有員工持股信託、勞退相對提撥。4.享有勞、健保及團體保險(含眷屬)、其他員工福利(定期員工健康檢查、結婚及喪   葬補助等)、週休二日。5.提供完整教育訓練，培養成為銀行保險通路專業人才。,銀行保險儲備幹部(協銷副理)-台北地區,"月薪 30,000~50,000元",https://www.104.com.tw/job/6i002?jobsource=2018indexpoc,王/楊/徐小姐,True,薪資福利錯誤
台中市西屯區市政路386號27樓之1(中奕通訊處),日班，依公司規定,富邦人壽保險股份有限公司_中奕通訊處(賴宥榛)(核准文號108A01號),工作內容1.銷售人身保險商品、客戶經營服務並提供富邦金控整合性金融服務；2.本職缺為業務招攬工作，實際薪酬依招攬績效按件核發各類非定額之津貼與獎金等保險承攬報酬；3.另就部分工時時薪150元之工作，須依公司規定於約定之工作時間內參加早會並接受教育訓練(於約定之每月工作時間內，每月出席7天、每日一小時)每月總計1050~2000元。,行銷專員CA(正職),時薪 150元,https://www.104.com.tw/job/4ijx8?jobsource=2018indexpoc,賴宥榛小姐,False,
新北市樹林區中山路一段99號4樓,日班，依公司規定,富邦人壽保險股份有限公司_邦仁通訊處(陳汝興先生)(核准文號108A01號),工作內容1.銷售人身保險商品、客戶經營服務並提供富邦金控整合性金融服務；2.本職缺為業務招攬工作，實際薪酬依招攬績效按件核發各類非定額之津貼與獎金等保險承攬報酬；3.另就部分工時時薪150元之工作，須依公司規定於約定之工作時間內參加早會並接受教育訓練(於約定之每月工作時間內，每月出席7天、每日一小時)每月總計1050~2000元。,行銷專員CA(正職),時薪 150元,https://www.104.com.tw/job/6j6b6?jobsource=2018indexpoc,陳汝興先生,False,
台北市萬華區桂林路52號10樓(富貴通訊處),日班,富邦人壽_富貴通訊處(核准文號108A01號),1.銷售人身保險商品、客戶經營服務並提供富邦金控整合性金融服務；２.本職缺為業務招攬工作，實際薪酬依招攬績效按件核發各類非定額之津貼與獎金等保險承攬報酬；３.另就部分工時時薪150元之工作，須依公司規定於約定之工作時間內參加早會並接受教育訓練【業務通路】 (於約定之每月工作時間內，每月出席7天、每日一小時)每月總計1050~2000元。,【業務通路】行銷專員CA(正職),時薪 150元,https://www.104.com.tw/job/6hrp3?jobsource=2018indexpoc,陳姿樺小姐,False,
台北市士林區承德路四段83號4樓之1,日班，依公司規定,富邦人壽保險股份有限公司_士林展業處(核准文號108A02號),工作內容1.銷售人身保險商品、客戶經營服務並提供富邦金控整合性金融服務；2.本職缺為業務招攬工作，實際薪酬依招攬績效按件核發各類非定額之津貼與獎金等保險承攬報酬；3.另就部分工時時薪150元之工作，須依公司規定於約定之工作時間內參加早會並接受教育訓練(於約定之每月工作時間內，每月出席7天、每日一小時)每月總計1050~5500元。,展業員NCT(正職),時薪 150元,https://www.104.com.tw/job/6q3hq?jobsource=2018indexpoc,余鳳國，吳旼璇,True,核准文號錯誤
台中市西屯區市政路386號32樓之5（中捷通訊處）,日班，09:00~10:00,富邦人壽_中捷通訊處(核准文號108A01號)(陳奎源),1.銷售人身保險商品、客戶經營服務並提供富邦金控整合性金融服務；２.本職缺為業務招攬工作，實際薪酬依招攬績效按件核發各類非定額之津貼與獎金等保險承攬報酬；３.另就部分工時時薪150元之工作，須依公司規定於約定之工作時間內參加早會並接受教育訓練 (於約定之每月工作時間內，每月出席7天、每日一小時)每月總計1050~2000元。,行銷專員CA(正職),時薪 150元,https://www.104.com.tw/job/5cbly?jobsource=2018indexpoc,陳奎源,True,上班時段錯誤(未滿8小時的時間)
新北市板橋區縣民大道二段68號20樓(富海通訊處),日班，依公司規定,富邦人壽保險股份有限公司_富海通訊處(核准文號108A01號),工作內容1.銷售人身保險商品、客戶經營服務並提供富邦金控整合性金融服務； 2.本職缺為業務招攬工作，實際薪酬依招攬績效按件核發各類非定額之津貼與獎金等保險承攬報酬； 3.另就部分工時時薪150元之工作，須依公司規定於約定之工作時間內參加早會並接受教育訓練(於約定之每月工作時間內，每月出席7天、每日一小時)每月總計1050~2000元。職,行銷專員CA(正職),時薪 150元,https://www.104.com.tw/job/5fwzw?jobsource=2018indexpoc,方浚丞先生,False,
台南市永康區中華路32號(南瓜一分處）,日班，依公司規定,富邦人壽保險股份有限公司_南瓜一分處(徐信帛) (核准文號108A01號),工作內容1.銷售人身保險商品、客戶經營服務並提供富邦金控整合性金融服務；2.本職缺為業務招攬工作，實際薪酬依招攬績效按件核發各類非定額之津貼與獎金等保險承攬報酬；3.另就部分工時時薪150元之工作，須依公司規定於約定之工作時間內參加早會並接受教育訓練(於約定之每月工作時間內，每月出席7天、每日一小時)每月總計1050~2000元。,行銷專員CA(正職),時薪 150元,https://www.104.com.tw/job/6hak7?jobsource=2018indexpoc,徐信帛先生,False,
台中市西屯區市政路386號30樓之1(中謙通訊處),日班，依公司規定,富邦人壽保險股份有限公司_中謙通訊處(盧碧雪)(核准文號108A01號),工作內容1.銷售人身保險商品、客戶經營服務並提供富邦金控整合性金融服務；2.本職缺為業務招攬工作，實際薪酬依招攬績效按件核發各類非定額之津貼與獎金等保險承攬報酬；3.另就部分工時時薪150元之工作，須依公司規定於約定之工作時間內參加早會並接受教育訓練(於約定之每月工作時間內，每月出席7天、每日一小時)每月總計1050~2000元。,行銷專員CA(正職）,時薪 150元,https://www.104.com.tw/job/54utt?jobsource=2018indexpoc,盧碧雪小姐,False,
新北市新店區三民路14號3樓,日班，依公司規定,富邦人壽保險股份有限公司_安康展業處(劉為民)(核准文號108A02號),1.銷售人身保險商品、客戶經營服務並提供富邦金控整合性金融服務;2.本職缺為業務招攬工作，實際薪酬依招攬績效按件核發各類非定額之津貼與獎金等保險承攬報酬；3.另就部分工時時薪150元之工作，須依公司規定於約定之工作時間內參加早會並接受教育訓練,展業員NCT(正職),時薪 150元,https://www.104.com.tw/job/5id0z?jobsource=2018indexpoc,劉為民先生,True,核准文號錯誤
花蓮縣花蓮市國聯四路65號7樓之2,日班，依公司規定,富邦人壽保險股份有限公司_花盛通訊處(核准文號108A01),工作內容1.銷售人身保險商品、客戶經營服務並提供富邦金控整合性金融服務；2.本職缺為業務招攬工作，實際薪酬依招攬績效按件核發各類非定額之津貼與獎金等保險承攬報酬；3.另就部分工時時薪150元之工作，須依公司規定於約定之工作時間內參加早會並接受教育訓練(於約定之每月工作時間內，每月出席7天、每日一小時)每月總計1050~2000元。,行銷專員CA(正職),時薪 150元,https://www.104.com.tw/job/6h0uy?jobsource=2018indexpoc,陳詩庭經理,False,
台中市西屯區市政路386號27樓之1（中奕通訊處）,日班，依公司規定,富邦人壽保險股份有限公司_中奕通訊處(林燕倫)(核准文號108A01號),1.銷售人身保險商品、客戶經營服務並提供富邦金控整合性金融服務；２.本職缺為業務招攬工作，實際薪酬依招攬績效按件核發各類非定額之津貼與獎金等保險承攬報酬；３.另就部分工時時薪150元之工作，須依公司規定於約定之工作時間內參加早會並接受教育訓練【業務通路】 (於約定之每月工作時間內，每月出席7天、每日一小時)每月總計1050~2000元。,行銷專員CA（正職）,時薪 150元,https://www.104.com.tw/job/5pbun?jobsource=2018indexpoc,林燕倫,False,
高雄市新興區民族二路95號6樓A室,日班，08:30-09:30,富邦人壽保險股份有限公司_高翔通訊處(胡姵俞)(核准文號108A01號),1.銷售人身保險商品、客戶經營服務並提供富邦金控整合性金融服務；2.本職缺為業務招攬工作，實際薪酬依招攬績效按件核發各類非定額之津貼與獎金等保險承攬報酬；3.另就部分工時時薪150元之工作，須依公司規定於約定之工作時間內參加早會並接受教育訓練(於約定之每月工作時間內，每月出席7天、每日一小時)每月總計1050~2000元。,行銷專員CA(正職),時薪 150元,https://www.104.com.tw/job/6gqco?jobsource=2018indexpoc,胡姵俞,True,上班時段錯誤(未滿8小時的時間)
台南市中西區民生路二段279號13樓A區(富邦金融中心南天通訊處),日班，08:30~09:30或09:00~10:00,富邦人壽_南天通訊處(王秀蘭)(核准文號108A01號),工作內容 1.銷售人身保險商品、客戶經營服務並提供富邦金控整合性金融服務； 2.本職缺為業務招攬工作，實際薪酬依招攬績效按件核發各類非定額之津貼與獎金等保險承攬報酬； 3.另就部分工時時薪150元之工作，須依公司規定於約定之工作時間內參加早會並接受教育訓練(於約定之每 月工作時間內，每月出席7天、每日一小時)每月總計1050~2000元。,行銷專員CA(正職),時薪 150元,https://www.104.com.tw/job/6i84y?jobsource=2018indexpoc,王秀蘭小姐,True,上班時段錯誤(未滿8小時的時間)
台中市西屯區市政路386號27樓之1(中奕通訊處),日班，依公司規定,富邦人壽保險股份有限公司_中奕通訊處(傅進孟)(核准文號108A01號),1.銷售人身保險商品、客戶經營服務並提供富邦金控整合性金融服務;2.本職缺為業務招攬工作，實際薪酬依招攬績效按件核發各類非定額之津貼與獎金等保險承攬報酬;3.另就部分工時時薪150元之工作，須依公司規定於約定之工作時間內參加早會並接受教育訓練（於約定之每月工作時間內，每月出席7天、每日一小時）每月總計1050~2000元。,行銷專員ＣＡ(正職）,時薪 150元,https://www.104.com.tw/job/4l36t?jobsource=2018indexpoc,傅進孟先生或馬尹佳小姐,False,
新北市新莊區中華路二段19號4樓(邦盛通訊處),日班,富邦人壽保險股份有限公司_邦盛通訊處(洪聰華)核准文號108A01,1.銷售人身保險商品、客戶經營服務並提供富邦金控整合性金融服務； 2.本職缺為業務招攬工作，實際薪酬依招攬績效按件核發各類非定額之津貼與獎金等保險承攬報酬； 3.另就部分工時時薪150元之工作，須依公司規定於約定之工作時間內參加早會並接受教育訓練(於約定之每月工作時間內，每月出席7天、每日一小時)每月總計1050~2000元。,行銷專員CA(正職),時薪 150元,https://www.104.com.tw/job/5o18s?jobsource=2018indexpoc,楊麗玉小姐,False,
高雄市新興區民族二路95號6樓B室高聰通訊處,日班，依公司規定,富邦人壽保險股份有限公司_高聰通訊處(王春梅經理)(核准文號108A01號),1.銷售人身保險商品、客戶經營服務並提供富邦金控整合性金融服務；２.本職缺為業務招攬工作，實際薪酬依招攬績效按件核發各類非定額之津貼與獎金等保險承攬報酬；３.另就部分工時時薪150元之工作，須依公司規定於約定之工作時間內參加早會並接受教育訓練(於約定之每月工作時間內，每月出席7天、每日一小時)每月總計1050~2000元。,行銷專員CA(正職),時薪 150元,https://www.104.com.tw/job/6dbc4?jobsource=2018indexpoc,王春梅小姐,False,
台東縣台東市傳廣路26號4樓台東獨立區,日班，依公司規定,富邦人壽保險股份有限公司_台東獨立區(蕭一清)(核准文號108A02),工作內容1.銷售人身保險商品、客戶經營服務並提供富邦金控整合性金融服務； 2.本職缺為業務招攬工作，實際薪酬依招攬績效按件核發各類非定額之津貼與獎金等保險承攬報酬； 3.另就部分工時時薪150元之工作，須依公司規定於約定之工作時間內參加早會並接受教育訓練(於約定之每月工作時間內，每月出席7天、每日一小時)每月總計1050~2000元。,展業員NCT(正職),時薪 150元,https://www.104.com.tw/job/5m7jd?jobsource=2018indexpoc,蕭一清小姐,True,核准文號錯誤
高雄市三民區博愛一路366號15樓,日班，依公司規定,富邦人壽保險股份有限公司_高英通訊處(莊智傑)(核准文號108A01號),工作內容1.銷售人身保險商品、客戶經營服務並提供富邦金控整合性金融服務；2.本職缺為業務招攬工作，實際薪酬依招攬績效按件核發各類非定額之津貼與獎金等保險承攬報酬；3.另就部分工時時薪150元之工作，須依公司規定於約定之工作時間內參加早會並接受教育訓練(於約定之每月工作時間內，每月出席7天、每日一小時)每月總計1050~2000元。,行銷專員CA(正職),時薪 150元,https://www.104.com.tw/job/6i09w?jobsource=2018indexpoc,莊智傑,False,
新北市新莊區復興路二段139號1樓,日班，依公司規定,富邦人壽保險股份有限公司_富道通訊處(核准文號108A01號),1.銷售人身保險商品、客戶經營服務並提供富邦金控整合性金融服務；２.本職缺為業務招攬工作，實際薪酬依招攬績效按件核發各類非定額之津貼與獎金等保險承攬報酬；３.另就部分工時時薪150元之工作，須依公司規定於約定之工作時間內參加早會並接受教育訓練(於約定之每月工作時間內，每月出席7天、每日一小時)每月總計1050~2000元。,行銷專員CA（正職）,時薪 150元,https://www.104.com.tw/job/5994s?jobsource=2018indexpoc,林先生,False,
台東縣台東市博愛路422號2樓東陽通訊處,日班，依公司規定,富邦人壽保險股份有限公司_東陽通訊處(王嘉珍)(核准文號108A01號),工作內容1.銷售人身保險商品、客戶經營服務並提供富邦金控整合性金融服務；2.本職缺為業務招攬工作，實際薪酬依招攬績效按件核發各類非定額之津貼與獎金等保險承攬報酬；3.另就部分工時時薪150元之工作，須依公司規定於約定之工作時間內參加早會並接受教育訓練(於約定之每月工作時間內，每月出席7天、每日一小時)每月總計1050~2000元。,行銷專員CA(正職),時薪 150元,https://www.104.com.tw/job/6m8zv?jobsource=2018indexpoc,王嘉珍,False,
台北市大安區忠孝東路四段320號3樓(富足通訊處),日班，09:00~10:00,富邦人壽_富足通訊處(核准文號108A01號),1.銷售人身保險商品、客戶經營服務並提供富邦金控整合性金融服務； 2.本職缺為業務招攬工作，實際薪酬依招攬績效按件核發各類非定額之津貼與獎金等保險承攬報酬； 3.另就部分工時時薪150元之工作，須依公司規定於約定之工作時間內參加早會並接受教育訓練(於約定之每月工作時間內，每月出席7天、每日一小時)每月總計1050~2000元。,行銷專員(正職),時薪 150元,https://www.104.com.tw/job/6hngk?jobsource=2018indexpoc,張仕鎮 經理,True,上班時段錯誤(未滿8小時的時間)
台北市中正區襄陽路9號9樓(富琦通訊處),日班，08:30～09:30或09:00～10:00,富邦人壽保險股份有限公司_富琦通訊處(核准文號108A01),1.銷售人身保險商品、客戶經營服務並提供富邦金控整合性金融服務；２.本職缺為業務招攬工作，實際薪酬依招攬績效按件核發各類非定額之津貼與獎金等保險承攬報酬；３.另就部分工時時薪150元之工作，須依公司規定於約定之工作時間內參加早會並接受教育訓練 (於約定之每月工作時間內，每月出席7天、每日一小時)每月總計1050~2000元。,行銷專員CA(正職),時薪 150元,https://www.104.com.tw/job/2m1fs?jobsource=2018indexpoc,葛繼天先生,True,上班時段錯誤(未滿8小時的時間)
台北市中山區建國北路二段236號7樓(富嵩通訊處),日班，依公司規定,富邦人壽保險股份有限公司_富嵩通訊處(核准文號108A01號),1.銷售人身保險商品、客戶經營服務並提供富邦金控整合性金融服務； 2.本職缺為業務招攬工作，實際薪酬依招攬績效按件核發各類非定額之津貼與獎金等保險承攬報酬；3.另就部分工時時薪150元之工作，須依公司規定於約定之工作時間內參加早會並接受教育訓練(於約定之每月工作時間內，每月出席7天、每日一小時)每月總計1050~2000元。,行銷專員CA(正職),時薪 150元,https://www.104.com.tw/job/4buyx?jobsource=2018indexpoc,宋狄鑫,False,
台中市西屯區市政路386號33樓之1(中廣通訊處),日班，依公司規定,富邦人壽保險股份有限公司_中廣通訊處(余敏愷)(核准字號:108A01),1.銷售人身保險商品、客戶經營服務並提供富邦金控整合性金融服務；２.本職缺為業務招攬工作，實際薪酬依招攬績效按件核發各類非定額之津貼與獎金等保險承攬報酬；３.另就部分工時時薪150元之工作，須依公司規定於約定之工作時間內參加早會並接受教育訓練 (於約定之每月工作時間內，每月出席7天、每日一小時)每月總計1050~2000元。,行銷專員CA(正職),時薪 150元,https://www.104.com.tw/job/4bplj?jobsource=2018indexpoc,余敏愷,False,
高雄市前金區中華三路21號9樓（高首通訊處）,日班,富邦人壽保險股份有限公司_高首通訊處(葉書辰先生)(核准文號108A01號),工作內容1.銷售人身保險商品、客戶經營服務並提供富邦金控整合性金融服務；2.本職缺為業務招攬工作，實際薪酬依招攬績效按件核發各類非定額之津貼與獎金等保險承攬報酬；3.另就部分工時時薪150元之工作，須依公司規定於約定之工作時間內參加早會並接受教育訓練(於約定之每月工作時間內，每月出席7天、每日一小時)每月總計1050~2000元。,行銷專員CA(正職),時薪 150元,https://www.104.com.tw/job/3jjq2?jobsource=2018indexpoc,葉書辰業務經理,False,
台中市大雅區雅環路二段132之1號(中雅一分處),日班，依公司規定,富邦人壽保險股份有限公司_中雅一分處(核准文號108A01號)(周家慧),工作內容1.銷售人身保險商品、客戶經營服務並提供富邦金控整合性金融服務；2.本職缺為業務招攬工作，實際薪酬依招攬績效按件核發各類非定額之津貼與獎金等保險承攬報酬；3.另就部分工時時薪150元之工作，須依公司規定於約定之工作時間內參加早會並接受教育訓練(於約定之每月工作時間內，每月出席7天、每日一小時)每月總計1050~2000元。,行銷專員CA(正職),時薪 150元,https://www.104.com.tw/job/4onjm?jobsource=2018indexpoc,周家慧小姐,False,
台北市松山區八德路三段34號6樓A室(富滿通訊處),日班，依公司規定,富邦人壽保險股份有限公司_富滿通訊處(陳佩凰)(核准文號108A01號),1.銷售人身保險商品、客戶經營服務並提供富邦金控整合性金融服務； 2.本職缺為業務招攬工作，實際薪酬依招攬績效按件核發各類非定額之津貼與獎金等保險承攬報酬； 3.另就部分工時時薪150元之工作，須依公司規定於約定之工作時間內參加早會並接受教育訓練(於約定之每月工作時間內，每月出席7天、每日一小時)每月總計1050~2000元。,行銷專員CA,時薪 150元,https://www.104.com.tw/job/4cdf5?jobsource=2018indexpoc,陳佩凰小姐,False,
台南市中西區民生路二段279號7樓A區,日班，依公司規定,富邦人壽保險股份有限公司_南嘉通訊處(彭士軒)(核准文號108A01號),工作內容 1.銷售人身保險商品、客戶經營服務並提供富邦金控整合性金融服務； 2.本職缺為業務招攬工作，實際薪酬依招攬績效按件核發各類非定額之津貼與獎金等保險承攬報酬； 3.另就部分工時時薪150元之工作，須依公司規定於約定之工作時間內參加早會並接受教育訓練(於約定之每 月工作時間內，每月出席7天、每日一小時)每月總計1050~2000元。,行銷專員CA(正職),時薪 150元,https://www.104.com.tw/job/5by1e?jobsource=2018indexpoc,彭士軒,False,
新北市板橋區三民路二段37號4樓之1(邦馳通訊處),日班，依公司規定,富邦人壽保險股份有限公司_邦馳通訊處(李慈儀)(核准文號108A01號),1.銷售人身保險商品、客戶經營服務並提供富邦金控整合性金融服務； 2.本職缺為業務招攬工作，實際薪酬依招攬績效按件核發各類非定額之津貼與獎金等保險承攬報酬；3.另就部分工時時薪150元之工作，須依公司規定於約定之工作時間內參加早會並接受教育訓練(於約定之每月工作時間內，每月出席7天、每日一小時)每月總計1050~2000元。,行銷專員CA(正職),時薪 150元,https://www.104.com.tw/job/5ajys?jobsource=2018indexpoc,李小姐,False,
台中市西屯區市政路386號32F-5(中暖通訊處),日班，依公司規定,富邦人壽_中暖通訊處(核准文號108A01號),工作內容1.銷售人身保險商品、客戶經營服務並提供富邦金控整合性金融服務；2.本職缺為業務招攬工作，實際薪酬依招攬績效按件核發各類非定額之津貼與獎金等保險承攬報酬；3.另就部分工時時薪150元之工作，須依公司規定於約定之工作時間內參加早會並接受教育訓練(於約定之每月工作時間內，每月出席7天、每日一小時)每月總計1050~2000元。,行銷專員CA(正職),時薪 150元,https://www.104.com.tw/job/6n32l?jobsource=2018indexpoc,黃献彰先生,False,
桃園市中壢區慈惠一街156號6樓(桃誠通訊處),日班,富邦人壽保險股份有限公司_桃誠通訊處(核准文號108A01號),工作內容1.銷售人身保險商品、客戶經營服務並提供富邦金控整合性金融服務2.本職缺為業務招攬工作，實際薪酬依招攬績效按件核發各類非定額之津貼與獎金等保險承攬報酬3.另就部分工時時薪150元之工作，須依公司規定於約定之工作時間內參加早會並接受教育訓練(於約定之每月工作時間內，每月出席7天、每日一小時)每月總計1050~2000元。,行銷專員CA(正職),時薪 150元,https://www.104.com.tw/job/477jn?jobsource=2018indexpoc,朱琁經理,False,
台南市善化區中山路349號8樓(善化展業處),日班，依公司規定,富邦人壽保險股份有限公司_善化展業處(楊宗嶧)(核准文號108A02號),1.銷售人身保險商品、客戶經營服務並提供富邦金控整合性金融服務； 2.本職缺為業務招攬工作，實際薪酬依招攬績效按件核發各類非定額之津貼與獎金等保險承攬報酬； 3.另就部分工時時薪150元之工作，須依公司規定於約定之工作時間內參加早會並接受教育訓練(於約定之每月工作時間內，每月出席7天、每日一小時)每月總計1050~5500元。,展業員NCT(正職),時薪 150元,https://www.104.com.tw/job/6bka5?jobsource=2018indexpoc,楊宗嶧先生,True,核准文號錯誤
高雄市楠梓區大學二十六街30號,日班，依公司規定,富邦人壽保險股份有限公司_高進通訊處(孫首德)(核准文號108A01),1.銷售人身保險商品、客戶經營服務並提供富邦金控整合性金融服務；２.本職缺為業務招攬工作，實際薪酬依招攬績效按件核發各類非定額之津貼與獎金等保險承攬報酬；３.另就部分工時時薪150元之工作，須依公司規定於約定之工作時間內參加早會並接受教育訓練【業務通路】 (於約定之每月工作時間內，每月出席7天、每日一小時)每月總計1050~2000元。,行銷專員CA(正職),時薪 150元,https://www.104.com.tw/job/69bfq?jobsource=2018indexpoc,孫首德先生,False,
花蓮縣花蓮市國聯四路65號7樓之2,日班，依公司規定,富邦人壽保險股份有限公司_花盛通訊處(陳國鄭)(核准文號108A01號),1.銷售人身保險商品、客戶經營服務並提供富邦金控整合性金融服務；2.本職缺為業務招攬工作，實際薪酬依招攬績效按件核發各類非定額之津貼與獎金等保險承攬報酬；3.另就部分工時時薪150元之工作，須依公司規定於約定之工作時間內參加早會並接受教育訓練(於約定之每月工作時間內，每月出席7天、每日一小時)每月總計1050~2000元。,行銷專員CA(正職),時薪 150元,https://www.104.com.tw/job/60feg?jobsource=2018indexpoc,陳國鄭,False,
台北市信義區基隆路一段210號3樓,日班，依公司規定,富邦人壽保險股份有限公司_富優通訊處(吳柏辰)(核准文號108A01號),1.銷售人身保險商品、客戶經營服務並提供富邦金控整合性金融服務； 2.本職缺為業務招攬工作，實際薪酬依招攬績效按件核發各類非定額之津貼與獎金等保險承攬報酬； 3.另就部分工時時薪150元之工作，須依公司規定於約定之工作時間內參加早會並接受教育訓練(於約定之每月工作時間內，每月出席7天、每日一小時)每月總計1050~2000元。,行銷專員CA(正職),時薪 150元,https://www.104.com.tw/job/6d99v?jobsource=2018indexpoc,吳柏辰,False,
高雄市新興區民族二路95號7樓C室(高峰通訊處),日班，08:30~09:30,富邦人壽保險股份有限公司_高峰通訊處(呂侑儒)(核准文號108A01號),1.銷售人身保險商品、客戶經營服務並提供富邦金控整合性金融服務； 2.本職缺為業務招攬工作，實際薪酬依招攬績效按件核發各類非定額之津貼與獎金等保險承攬報酬； 3.另就部分工時時薪150元之工作，須依公司規定於約定之工作時間內參加早會並接受教育訓練(於約定之每月工作時間內，每月出席7天、每日一小時)每月總計1050~2000元。,行銷專員CA(正職)-高峰通訊處(核准文號FB108A01號),時薪 150元,https://www.104.com.tw/job/4iava?jobsource=2018indexpoc,呂侑儒,True,上班時段錯誤(未滿8小時的時間)
高雄市前鎮區一心二路21號7樓之3(高富前鎮分處),日班，依公司規定,富邦人壽保險股份有限公司_高富前鎮分處(陳佳慧)(核准文號108A01號),工作內容1.銷售人身保險商品、客戶經營服務並提供富邦金控整合性金融服務；2.本職缺為業務招攬工作，實際薪酬依招攬績效按件核發各類非定額之津貼與獎金等保險承攬報酬；3.另就部分工時時薪150元之工作，須依公司規定於約定之工作時間內參加早會並接受教育訓練(於約定之每月工作時間內，每月出席7天、每日一小時)每月總計1050~2000元。,行銷專員CA(正職),時薪 150元,https://www.104.com.tw/job/6i7dw?jobsource=2018indexpoc,陳佳慧,False,
台中市西屯區市政路386號31樓之1(中友通訊處),日班，依公司規定,富邦人壽保險股份有限公司_中友通訊處(鐘友健)(核准文號108A01號),1.銷售人身保險商品、客戶經營服務並提供富邦金控整合性金融服務；2.本職缺為業務招攬工作，實際薪酬依招攬績效按件核發各類非定額之津貼與獎金等保險承攬報酬；3.另就部分工時時薪150元之工作，須依公司規定於約定之工作時間內參加早會並接受教育訓練(於約定之每月工作時間內，每月出席7天、每日一小時)每月總計1050~2000元。,行銷專員CA(正職),時薪 150元,https://www.104.com.tw/job/4t6yh?jobsource=2018indexpoc,鐘友健先生,False,
台南市新營區金華路二段225號1樓(嘉贊通訊處),日班，依公司規定,富邦人壽保險股份有限公司_嘉贊通訊處(核准文號108A01號),工作內容1.銷售人身保險商品、客戶經營服務並提供富邦金控整合性金融服務；2.本職缺為業務招攬工作，實際薪酬依招攬績效按件核發各類非定額之津貼與獎金等保險承攬報酬；3.另就部分工時時薪150元之工作，須依公司規定於約定之工作時間內參加早會並接受教育訓練(於約定之每月工作時間內，每月出席7天、每日一小時)每月總計1050~2000元。,行銷專員CA(正職),時薪 150元,https://www.104.com.tw/job/5e08y?jobsource=2018indexpoc,郭威成,False,
台南市仁德區中正路一段209號2樓(仁德獨立課),日班，依公司規定,富邦人壽保險股份有限公司_仁德獨立課(李怡螢)(核准文號108A02號),1.銷售人身保險商品、客戶經營服務並提供富邦金控整合性金融服務； 2.本職缺為業務招攬工作，實際薪酬依招攬績效按件核發各類非定額之津貼與獎金等保險承攬報酬； 3.另就部分工時時薪150元之工作，須依公司規定於約定之工作時間內參加早會並接受教育訓練(於約定之每月工作時間內，每月出席7天、每日一小時)每月總計1050~5500元。,展業員NCT(正職),時薪 150元,https://www.104.com.tw/job/6k982?jobsource=2018indexpoc,李怡螢、黃奕瑋、何宗諺、王乃賢,True,核准文號錯誤
新竹市東大路二段76號3樓(竹皇通訊處),日班，依公司規定,富邦人壽保險股份有限公司_竹皇通訊處(核准文號108A01號),工作內容1.銷售人身保險商品、客戶經營服務並提供富邦金控整合性金融服務；2.本職缺為業務招攬工作，實際薪酬依招攬績效按件核發各類非定額之津貼與獎金等保險承攬報酬；3.另就部分工時時薪150元之工作，須依公司規定於約定之工作時間內參加早會並接受教育訓練(於約定之每月工作時間內，每月出席7天、每日一小時)每月總計1050~2000元。,行銷專員CA(正職),時薪 150元,https://www.104.com.tw/job/6hbyy?jobsource=2018indexpoc,劉代成處經理,False,
彰化縣北斗鎮中山路二段196號1樓,日班，依公司規定,富邦人壽保險股份有限公司_彰益通訊處(靜雅團隊)(核淮文號108A01號),工作內容1.銷售人身保險商品、客戶經營服務並提供富邦金控整合性金融服務；2.本職缺為業務招攬工作，實際薪酬依招攬績效按件核發各類非定額之津貼與獎金等保險承攬報酬；3.另就部分工時時薪150元之工作，須依公司規定於約定之工作時間內參加早會並接受教育訓練(於約定之每月工作時間內，每月出席7天、每日一小時)每月總計1050~2000元。,行銷專員CA(正職),時薪 150元,https://www.104.com.tw/job/5c13i?jobsource=2018indexpoc,吳靜雅經理,False,
新竹市東大路二段76號3樓(竹皇通訊處),日班，依公司規定,富邦人壽保險股份有限公司_竹皇通訊處(核准文號108A01號),工作內容1.銷售人身保險商品、客戶經營服務並提供富邦金控整合性金融服務；2.本職缺為業務招攬工作，實際薪酬依招攬績效按件核發各類非定額之津貼與獎金等保險承攬報酬；3.另就部分工時時薪150元之工作，須依公司規定於約定之工作時間內參加早會並接受教育訓練(於約定之每月工作時間內，每月出席7天、每日一小時)每月總計1050~2000元。,行銷專員CA(正職),時薪 150元,https://www.104.com.tw/job/6h1bi?jobsource=2018indexpoc,劉代成處經理,False,
桃園市楊梅區大成路236號1樓桃宜通訊處,日班,富邦人壽保險股份有限公司_桃宜通訊處(劉佳宜)(核准文號108A01號),工作內容1.銷售人身保險商品、客戶經營服務並提供富邦金控整合性金融服務；2.本職缺為業務招攬工作，實際薪酬依招攬績效按件核發各類非定額之津貼與獎金等保險承攬報酬；3.另就部分工時時薪150元之工作，須依公司規定於約定之工作時間內參加早會並接受教育訓練(於約定之每月工作時間內，每月出席7天、每日一小時)每月總計1050~2000元。,行銷專員CA(正職),時薪 150元,https://www.104.com.tw/job/6h915?jobsource=2018indexpoc,劉佳宜,False,
台北市大安區敦化南路二段97號5樓(富顥通訊處),日班，依公司規定,富邦人壽保險股份有限公司_富顥通訊處(何青馨)(核准文號108A01號),1.銷售人身保險商品、客戶經營服務並提供富邦金控整合性金融服務；2.本職缺為業務招攬工作，實際薪酬依招攬績效按件核發各類非定額之津貼與獎金等保險承攬報酬；3.另就部分工時時薪150元之工作，須依公司規定於約定之工作時間內參加早會並接受教育訓練(於約定之每月工作時間內，每月出席7天、每日一小時)每月總計1050~2000元。,行銷專員(正職),時薪 150元,https://www.104.com.tw/job/47a0n?jobsource=2018indexpoc,何青馨小姐,False,
高雄市新興區民族二路95號5樓5C室(高采通訊處),日班，依公司規定,富邦人壽保險股份有限公司_高采通訊處(核准文號108A01號),1.銷售人身保險商品、客戶經營服務並提供富邦金控整合性金融服務； 2.本職缺為業務招攬工作，實際薪酬依招攬績效按件核發各類非定額之津貼與獎金等保險承攬報酬； 3.另就部分工時時薪150元之工作，須依公司規定於約定之工作時間內參加早會並接受教育訓練(於約定之每 月工作時間內，每月出席7天、每日一小時)每月總計1050~2000元。,行銷專員CA(正職),時薪 150元,https://www.104.com.tw/job/4ntle?jobsource=2018indexpoc,孫鴻祺先生,False,
台北市中正區襄陽路9號4樓(富翊通訊處),日班，依公司規定,富邦人壽保險股份有限公司_富翊通訊處(張準玲)(核准文號108A01號),工作內容1.銷售人身保險商品、客戶經營服務並提供富邦金控整合性金融服務；2.本職缺為業務招攬工作，實際薪酬依招攬績效按件核發各類非定額之津貼與獎金等保險承攬報酬；3.另就部分工時時薪150元之工作，須依公司規定於約定之工作時間內參加早會並接受教育訓練(於約定之每月工作時間內，每月出席7天、每日一小時)每月總計1050~2000元。,行銷專員CA(正職),時薪 150元,https://www.104.com.tw/job/6h0tx?jobsource=2018indexpoc,張準玲處經理,False,
高雄市大寮區鳳屏一路288號4號之2,日班,富邦人壽保險股份有限公司_高貴通訊處(游程皓),1.銷售人身保險商品、客戶經營服務並提供富邦金控整合性金融服務； 2.本職缺為業務招攬工作，實際薪酬依招攬績效按件核發各類非定額之津貼與獎金等保險承攬報酬； 3.另就部分工時時薪150元之工作，須依公司規定於約定之工作時間內參加早會並接受教育訓練(於約定之每月工作時間內，每月出席7天、每日一小時)每月總計1050~2000元。,行銷專員CA,時薪 150元,https://www.104.com.tw/job/6pv5q?jobsource=2018indexpoc,游程皓、鍾鳳珍,False,
高雄市小港區宏文路182號1樓(高富小港分處),日班，依公司規定,富邦人壽保險股份有限公司_高富小港分處(核准文號108A01號),工作內容1.銷售人身保險商品、客戶經營服務並提供富邦金控整合性金融服務；2.本職缺為業務招攬工作，實際薪酬依招攬績效按件核發各類非定額之津貼與獎金等保險承攬報酬；3.另就部分工時時薪150元之工作，須依公司規定於約定之工作時間內參加早會並接受教育訓練(於約定之每月工作時間內，每月出席7天、每日一小時)每月總計1050~2000元。,行銷專員CA(正職),時薪 150元,https://www.104.com.tw/job/6h117?jobsource=2018indexpoc,王淑怡主任,False,
台中市豐原區中山路200號5樓(中富通訊處),日班，08:30~09:30,富邦人壽保險股份有限公司_中富通訊處(核准文號108A01號),1.銷售人身保險商品、客戶經營服務並提供富邦金控整合性金融服務；２.本職缺為業務招攬工作，實際薪酬依招攬績效按件核發各類非定額之津貼與獎金等保險承攬報酬；３.另就部分工時時薪150元之工作，須依公司規定於約定之工作時間內參加早會並接受教育訓練月工作時間內，每月出席7天、每日一小時)每月總計1050~2000元。,行銷專員(正職),時薪 150元,https://www.104.com.tw/job/5ya0l?jobsource=2018indexpoc,林哲鋒,True,上班時段錯誤(未滿8小時的時間)
台中市豐原區中山路200號5樓(中富通訊處),日班,富邦人壽保險股份有限公司_中富通訊處(呂奇芳)(核准文號108A01號),1.銷售人身保險商品、客戶經營服務並提供富邦金控整合性金融服務； 2.本職缺為業務招攬工作，實際薪酬依招攬績效按件核發各類非定額之津貼與獎金等保險承攬報酬；3.另就部分工時時薪150元之工作，須依公司規定於約定之工作時間內參加早會並接受教育訓練(於約定之每月工作時間內，每月出席7天、每日一小時)每月總計1050~2000元。,行銷專員CA(正職),時薪 150元,https://www.104.com.tw/job/5yzqc?jobsource=2018indexpoc,呂奇芳,False,
桃園市桃園區中正路1092號5樓(桃吉通訊處),日班，依公司規定,富邦人壽保險股份有限公司_桃吉通訊處(白少廷)(核准文號108A01號),工作內容1.銷售人身保險商品、客戶經營服務並提供富邦金控整合性金融服務；2.本職缺為業務招攬工作，實際薪酬依招攬績效按件核發各類非定額之津貼與獎金等保險承攬報酬；3.另就部分工時時薪150元之工作，須依公司規定於約定之工作時間內參加早會並接受教育訓練(於約定之每月工作時間內，每月出席7天、每日一小時)每月總計1050~2000元。,行銷專員CA(正職),時薪 150元,https://www.104.com.tw/job/6hg0l?jobsource=2018indexpoc,白少廷先生,False,
台南市永康區中華路32號(南瓜通訊處),日班，依公司規定,富邦人壽保險股份有限公司_南瓜通訊處(周非凡)(核准文號108A01號),工作內容1.銷售人身保險商品、客戶經營服務並提供富邦金控整合性金融服務；2.本職缺為業務招攬工作，實際薪酬依招攬績效按件核發各類非定額之津貼與獎金等保險承攬報酬；3.另就部分工時時薪150元之工作，須依公司規定於約定之工作時間內參加早會並接受教育訓練(於約定之每月工作時間內，每月出席7天、每日一小時)每月總計1050~2000元。,行銷專員CA(正職),時薪 150元,https://www.104.com.tw/job/6cs7t?jobsource=2018indexpoc,周非凡,False,
台北市松山區八德路3段20號8樓AC區(富富通訊處),日班,富邦人壽保險股份有限公司_富富通訊處(核准文號108A01號)(史衣甯),1.銷售人身保險商品、客戶經營服務並提供富邦金控整合性金融服務； 2.本職缺為業務招攬工作，實際薪酬依招攬績效按件核發各類非定額之津貼與獎金等保險承攬報酬； 3.另就部分工時時薪150元之工作，須依公司規定於約定之工作時間內參加早會並接受教育訓練(於約定之每月工作時間內，每月出席7天、每日一小時)每月總計1050~2000元。,行銷專員CA(正職),時薪 150元,https://www.104.com.tw/job/4s1ho?jobsource=2018indexpoc,史衣甯,False,
新北市板橋區縣民大道二段68號21樓之1（富初通訊處）,日班，依公司規定,富邦人壽保險股份有限公司_富初通訊處(朱頌恩)(核准文號108A01號),工作內容 1.銷售人身保險商品、客戶經營服務並提供富邦金控整合性金融服務； 2.本職缺為業務招攬工作，實際薪酬依招攬績效按件核發各類非定額之津貼與獎金等保險承攬報酬； 3.另就部分工時時薪150元之工作，須依公司規定於約定之工作時間內參加早會並接受教育訓練(於約定之每月工作時間內，每月出席7天、每日一小時)每月總計1050~2000元。,行銷專員CA(正職),時薪 150元,https://www.104.com.tw/job/6m0py?jobsource=2018indexpoc,朱頌恩小姐,False,
台北市中正區忠孝西路一段6號12樓,日班，依公司規定,富邦人壽保險股份有限公司_琛達展業處(陳慧萍)(核准文號108A02號),工作內容1.銷售人身保險商品、客戶經營服務並提供富邦金控整合性金融服務；2.本職缺為業務招攬工作，實際薪酬依招攬績效按件核發各類非定額之津貼與獎金等保險承攬報酬；3.另就部分工時時薪150元之工作，須依公司規定於約定之工作時間內參加早會並接受教育訓練(於約定之每月工作時間內，每月出席7天、每日一小時)每月總計1050~2000元。,展業員NCT(正職),時薪 150元,https://www.104.com.tw/job/61a18?jobsource=2018indexpoc,陳慧萍區經理,True,核准文號錯誤
新北市土城區中央路三段87號8樓之1,日班,富邦人壽保險股份有限公司_富饒通訊處(核准文號108A01)(王國書),工作內容1.銷售人身保險商品、客戶經營服務並提供富邦金控整合性金融服務； 2.本職缺為業務招攬工作，實際薪酬依招攬績效按件核發各類非定額之津貼與獎金等保險承攬報酬； 3.另就部分工時時薪150元之工作，須依公司規定於約定之工作時間內參加早會並接受教育訓練(於約定之每月工作時間內，每月出席7天、每日一小時)每月總計1050~2000元。,行銷專員CA(正職),時薪 150元,https://www.104.com.tw/job/4olar?jobsource=2018indexpoc,王國書先生,False,
台南市永康區永大路三段100號之1,日班，依公司規定,富邦人壽保險股份有限公司_南嘉永康分處(謝依雲)(核准文號108A01號),工作內容1.銷售人身保險商品、客戶經營服務並提供富邦金控整合性金融服務；2.本職缺為業務招攬工作，實際薪酬依招攬績效按件核發各類非定額之津貼與獎金等保險承攬報酬；3.另就部分工時時薪150元之工作，須依公司規定於約定之工作時間內參加早會並接受教育訓練(於約定之每月工作時間內，每月出席7天、每日一小時)每月總計1050~2000元。,行銷專員CA(正職),時薪 150元,https://www.104.com.tw/job/6o4r4?jobsource=2018indexpoc,謝依雲小姐,False,
台中市西屯區市政路386號26樓之3中辰通訊處,日班，依公司規定,富邦人壽保險股份有限公司-中辰通訊處(核准文號108A01號),1.銷售人身保險商品、客戶經營服務並提供富邦金控整合性金融服務； 2.本職缺為業務招攬工作，實際薪酬依招攬績效按件核發各類非定額之津貼與獎金等保險承攬報酬； 3.另就部分工時時薪150元之工作，須依公司規定於約定之工作時間內參加早會並接受教育訓練(於約定之每月工作時間內，每月出席7天、每日一小時)每月總計1050~2000元。,行銷專員CA(正職),時薪 150元,https://www.104.com.tw/job/5aifk?jobsource=2018indexpoc,趙秋鑫,False,
高雄市大寮區鳳屏一路268號3樓A2區(高恩通訊處),日班,富邦人壽保險股份有限公司_高恩通訊處(戴明憲)(核准文號108A01號),工作內容:1.銷售人身保險商品，客戶經營服務並提供富邦金控整合性金融服務2.本職缺為業務招攬工作，實際薪酬依招攬績效按件核發各類非定額之津貼與獎金等保險承攬報酬3.另就部分工時時薪150元之工作，須依公司規定於約定之工作時間內參加早會並接受教育訓練(於約定之每月工作時間內，每月出席7天，每日一小時)每月總計1050~2000元,行銷專員CA正職,時薪 150元,https://www.104.com.tw/job/5al8n?jobsource=2018indexpoc,戴先生,False,
桃園市中壢區慈惠一街156號7樓(平鎮展業處),日班，日班08:30~09:30,富邦人壽保險股份有限公司_平鎮展業處(汪挹藩)(核准文號108A02號),1.銷售人身保險商品、客戶經營服務並提供富邦金控整合性金融服務；2.本職缺為業務招攬工作，實際薪酬依招攬績效按件核發各類非定額之津貼與獎金等保險承攬報酬；3.另就部分工時時薪150元之工作，須依公司規定於約定之工作時間內參加早會並接受教育訓練(於約定之每月工作時間內，每月出席7天、每日一小時)每月總計1050~5500元。,展業員NCT(正職)/時薪 150 元,時薪 150元,https://www.104.com.tw/job/6h3d0?jobsource=2018indexpoc,汪挹藩 先生,True,核准文號錯誤
嘉義市北港路251號9樓B區(嘉勝一分處),日班，依公司規定,富邦人壽保險股份有限公司_嘉勝一分處(核准文號108A01號),1.銷售人身保險商品、客戶經營服務並提供富邦金控整合性金融服務；2.本職缺為業務招攬工作，實際薪酬依招攬績效按件核發各類非定額之津貼與獎金等保險承攬報酬；3.另就部分工時時薪150元之工作，須依公司規定於約定之工作時間內參加早會並接受教育訓練(於約定之每月工作時間內，每月出席7天、每日一小時)每月總計1050~2000元。,行銷專員CA(正職),時薪 150元,https://www.104.com.tw/job/6baq1?jobsource=2018indexpoc,許碩紘經理,False,
台中市西屯區市政路386號33樓之1(中江通訊處),日班，依公司規定,富邦人壽保險股份有限公司_中江通訊處(蔡賢傑)(核准文號108A01號),工作內容1.銷售人身保險商品、客戶經營服務並提供富邦金控整合性金融服務；2.本職缺為業務招攬工作，實際薪酬依招攬績效按件核發各類非定額之津貼與獎金等保險承攬報酬；3.另就部分工時時薪150元之工作，須依公司規定於約定之工作時間內參加早會並接受教育訓練(於約定之每月工作時間內，每月出席7天、每日一小時)每月總計1050~2000元。,行銷專員CA(正職),時薪 150元,https://www.104.com.tw/job/6hazd?jobsource=2018indexpoc,蔡賢傑先生,False,
台南市中西區民生路二段279號6樓（南沅通訊處）,日班，8:30~9:30,富邦人壽保險股份有限公司_南沅通訊處(鄭貴文處經理)(核准文號108A01),1.銷售人身保險商品、客戶經營服務並提供富邦金控整合性金融服務；２.本職缺為業務招攬工作，實際薪酬依招攬績效按件核發各類非定額之津貼與獎金等保險承攬報酬；３.另就部分工時時薪150元之工作，須依公司規定於約定之工作時間內參加早會並接受教育訓練【業務通路】 (於約定之每月工作時間內，每月出席7天、每日一小時)每月總計1050~2000元。,行銷專員,時薪 150元,https://www.104.com.tw/job/37a2p?jobsource=2018indexpoc,鄭貴文小姐,True,上班時段錯誤(未滿8小時的時間)
台中市西屯區市政路386號31樓之1(中英通訊處),日班，依公司規定,富邦人壽保險股份有限公司_中英通訊處(林雅娟)(核准文號108A01號),1.銷售人身保險商品、客戶經營服務並提供富邦金控整合性金融服務；2.本職缺為業務招攬工作，實際薪酬依招攬績效按件核發各類非定額之津貼與獎金等保險承攬報酬；3.另就部分工時時薪150元之工作，須依公司規定於約定之工作時間內參加早會並接受教育訓練(於約定之每月工作時間內，每月出席7天、每日一小時)每月總計1050~2000元。,行銷專員CA(正職),時薪 150元,https://www.104.com.tw/job/56nvt?jobsource=2018indexpoc,林雅娟,False,
台北市內湖區康寧路三段16巷28號1樓、2樓,日班，依公司規定,富邦人壽保險股份有限公司_東湖獨立課(林書宇)(核准文號108A02號),工作內容1.銷售人身保險商品、客戶經營服務並提供富邦金控整合性金融服務； 2.本職缺為業務招攬工作，實際薪酬依招攬績效按件核發各類非定額之津貼與獎金等保險承攬報酬； 3.另就部分工時時薪150元之工作，須依公司規定於約定之工作時間內參加早會並接受教育訓練(於約定之每月工作時間內，每月出席7天、每日一小時)每月總計1050~5500元。,展業員NCT(正職),時薪 150元,https://www.104.com.tw/job/5cat7?jobsource=2018indexpoc,呂孟翰/林書宇,True,核准文號錯誤
台中市烏日區中山路一段374號2樓(中宏通訊處),日班，依公司規定,富邦人壽保險股份有限公司_中宏通訊處(核准文號108A01號),1.銷售人身保險商品、客戶經營服務並提供富邦金控整合性金融服務；2.本職缺為業務招攬工作，實際薪酬依招攬績效按件核發各類非定額之津貼與獎金等保險承攬報酬；3.另就部分工時時薪150元之工作，須依公司規定於約定之工作時間內參加早會並接受教育訓練(於約定之每月工作時間內，每月出席7天、每日一小時)每月總計1050~2000元。,行銷專員CA(正職),時薪 150元,https://www.104.com.tw/job/4bmsi?jobsource=2018indexpoc,何朱祥先生,False,
台北市中正區忠孝西路一段6號12樓(琛達展業處),日班，08:30~09:30,富邦人壽_琛達展業處(張麗君)(核准文號108A02號),1.銷售人身保險商品、客戶經營服務並提供富邦金控整合性金融服務2.本職缺為業務招攬工作，實際薪酬依招攬績效按件核發各類非定額之津貼與獎金等保險承攬報酬3.另就部分工時時薪150元之工作，須依公司規定於約定之工作時間內參加早會並接受教育訓練(於約定之每月工作時間內，每月出席7天、每日一小時)每月總計1050~5500元。,展業員NCT(正職),時薪 150元,https://www.104.com.tw/job/4xphe?jobsource=2018indexpoc,"張麗君,宋廣翊,劉可纓,范筠希, 陳暉府, 林大鈞, 吳家圳,王璽閔,林儀柔",True,核准文號錯誤
台南市仁德區中正路一段209號2樓(仁德獨立課),日班，依公司規定,富邦人壽保險股份有限公司_仁德獨立課(邱光偉區經理)(核准文號108A02號),1.銷售人身保險商品、客戶經營服務並提供富邦金控整合性金融服務；2.本職缺為業務招攬工作，實際薪酬依招攬績效按件核發各類非定額之津貼與獎金等保險承攬報酬；3.另就部分工時時薪150元之工作，須依公司規定於約定之工作時間內參加早會並接受教育訓練(於約定之每月工作時間內，每月出席7天、每日一小時)每月總計1050~5500元。,展業員NCT(正職),時薪 150元,https://www.104.com.tw/job/57zrx?jobsource=2018indexpoc,邱光偉 鄧昭妘 董泰良 邱于軒 黃婉貞,True,核准文號錯誤
桃園市中壢區慈惠一街156號7樓（平鎮展業處）,日班，依公司規定,富邦人壽保險股份有限公司_平鎮展業處(核准文號108A02號)(宋芷薇),1.銷售人身保險商品、客戶經營服務並提供富邦金控整合性金融服務；２.本職缺為業務招攬工作，實際薪酬依招攬績效按件核發各類非定額之津貼與獎金等保險承攬報酬；３.另就部分工時時薪150元之工作，須依公司規定於約定之工作時間內參加早會並接受教育訓練【多元通路-服展】 (於約定之每月工作時間內，每月出席7天、每日一小時)每月總計1050~5500元。,展業員NCT(正職),時薪 150元,https://www.104.com.tw/job/4avq2?jobsource=2018indexpoc,宋芷薇,True,核准文號錯誤
台北市中山區建國北路二段238號9樓,日班,富邦人壽保險股份有限公司_富德通訊處(陳嘉陽)(核准文號108A01號),1.銷售人身保險商品、客戶經營服務並提供富邦金控整合性金融服務； 2.本職缺為業務招攬工作，實際薪酬依招攬績效按件核發各類非定額之津貼與獎金等保險承攬報酬； 3.另就部分工時時薪150元之工作，須依公司規定於約定之工作時間內參加早會並接受教育訓練(於約定之每月工作時間內，每月出席7天、每日一小時)每月總計1050~2000元。,行銷專員CA(正職),時薪 150元,https://www.104.com.tw/job/6ie7x?jobsource=jolist_b_relevance,陳先生,False,
台南市仁德區土庫五街46號高福仁德分處,日班，依公司規定,富邦人壽保險股份有限公司_高福仁德分處(核准文號108A01號)(陳世傑先生),工作內容1.銷售人身保險商品、客戶經營服務並提供富邦金控整合性金融服務；2.本職缺為業務招攬工作，實際薪酬依招攬績效按件核發各類非定額之津貼與獎金等保險承攬報酬；3.另就部分工時時薪150元之工作，須依公司規定於約定之工作時間內參加早會並接受教育訓練(於約定之每月工作時間內，每月出席7天、每日一小時)每月總計1050~2000元。,行銷專員CA(正職),時薪 150元,https://www.104.com.tw/job/6i3vj?jobsource=jolist_b_relevance,林經理,False,
台北市中山區建國北路二段238號9樓(富德通訊處),日班，依公司規定,富邦人壽保險股份有限公司_富德通訊處(黃世賢)(核准文號108A01號),工作內容1.銷售人身保險商品、客戶經營服務並提供富邦金控整合性金融服務； 2.本職缺為業務招攬工作，實際薪酬依招攬績效按件核發各類非定額之津貼與獎金等保險承攬報酬； 3.另就部分工時時薪150元之工作，須依公司規定於約定之工作時間內參加早會並接受教育訓練(於約定之每月工作時間內，每月出席7天、每日一小時)每月總計1050~2000元。,行銷專員CA(正職),時薪 150元,https://www.104.com.tw/job/6pi5w?jobsource=jolist_b_relevance,黃世賢先生,False,
台北市中正區忠孝西路一段6號12樓(琛達展業處),日班，依公司規定,富邦人壽保險股份有限公司_琛達展業處-陳禹伸(核准文號108A02號),1.銷售人身保險商品、客戶經營服務並提供富邦金控整合性金融服務；2.本職缺為業務招攬工作，實際薪酬依招攬績效按件核發各類非定額之津貼與獎金等保險承攬報酬；3.另就部分工時時薪150元之工作，須依公司規定於約定之工作時間內參加早會並接受教育訓練(於約定之每月工作時間內，每月出席7天、每日一小時)每月總計1050~5500元。,展業員NCT(正職),時薪 150元,https://www.104.com.tw/job/539n8?jobsource=jolist_b_relevance,陳禹伸、張慈恩、曾玲婉、陳景新,True,核准文號錯誤
高雄市楠梓區建楠路139號10樓（高勤通訊處）,日班，08:30~09:30,富邦人壽保險股份有限公司_高勤通訊處(黃淑宜)核准文號108A01號,工作內容 1.銷售人身保險商品、客戶經營服務並提供富邦金控整合性金融服務； 2.本職缺為業務招攬工作，實際薪酬依招攬績效按件核發各類非定額之津貼與獎金等保險承攬報酬； 3.另就部分工時時薪150元之工作，須依公司規定於約定之工作時間內參加早會並接受教育訓練(於約定之每月工作時間內，每月出席7天、每日一小時)每月總計1050~2000元。,行銷專員CA,時薪 150元,https://www.104.com.tw/job/6crfd?jobsource=jolist_b_relevance,黃淑宜,True,上班時段錯誤(未滿8小時的時間)
台南市中西區民生路二段279號7樓B區,日班，依公司規定,富邦人壽_南嘉通訊處(核准文號108A01號),1.銷售人身保險商品、客戶經營服務並提供富邦金控整合性金融服務； 2.本職缺為業務招攬工作，實際薪酬依招攬績效按件核發各類非定額之津貼與獎金等保險承攬報酬； 3.另就部分工時時薪150元之工作，須依公司規定於約定之工作時間內參加早會並接受教育訓練(於約定之每月工作時間內，每月出席7天、每日一小時)每月總計1050~2000元。,行銷專員,時薪 150元,https://www.104.com.tw/job/4cozj?jobsource=jolist_b_relevance,陳志明,False,
台北市中山區建國北路二段238號9樓(富德通訊處),日班,富邦人壽保險股份有限公司_富德通訊處(林楷鈞)( 核准文號108A01號),"1.銷售人身保險商品、客戶經營服務並提供富邦金控整合性金融服務； ２.本職缺為業務招攬工作，實際薪酬依招攬績效按件核發各類非定額之津貼與獎金等保險承攬報酬； ３.另就部分工時時薪150元之工作，須依公司規定於約定之工作時間內參加早會並接受教育訓練(於約定之每月工作時間內，每月出席7天、每日一小時,每月總計1050~2000元。）",行銷專員CA(正職）,時薪 150元,https://www.104.com.tw/job/6ozhg?jobsource=jolist_b_relevance,林楷鈞先生,False,
彰化縣北斗鎮中山路二段196號(彰益通訊處),日班，依公司規定,富邦人壽保險股份有限公司_彰益通訊處(林玉惠處經理)(核准文號FB108A01號),工作內容1.銷售人身保險商品、客戶經營服務並提供富邦金控整合性金融服務；2.本職缺為業務招攬工作，實際薪酬依招攬績效按件核發各類非定額之津貼與獎金等保險承攬報酬；]3.另就部分工時時薪150元之工作，須依公司規定於約定之工作時間內參加早會並接受教育訓練(於約定之每月工作時間內，每月出席7天、每日一小時)每月總計1050~2000元。,行銷專員CA(正職),時薪 150元,https://www.104.com.tw/job/6mbk2?jobsource=jolist_b_relevance,林玉惠處經理,True,核准文號錯誤
桃園市龜山區萬壽路二段655號,日班，依公司規定,富邦人壽保險股份有限公司_富望龜山分處(核准文號108A01號),工作內容1.銷售人身保險商品、客戶經營服務並提供富邦金控整合性金融服務； 2.本職缺為業務招攬工作，實際薪酬依招攬績效按件核發各類非定額之津貼與獎金等保險承攬報酬； 3.另就部分工時時薪150元之工作，須依公司規定於約定之工作時間內參加早會並接受教育訓練(於約定之每月工作時間內，每月出席7天、每日一小時)每月總計1050~2000元。,行銷專員CA(正職),時薪 150元,https://www.104.com.tw/job/6phel?jobsource=jolist_b_relevance,陳莘沂小姐,False,
台北市松山區八德路三段20號11樓之2,日班，依公司規定,富邦人壽保險股份有限公司_富群通訊處(柳光鈺)(核准文號108A01號),工作內容1.銷售人身保險商品、客戶經營服務並提供富邦金控整合性金融服務；2.本職缺為業務招攬工作，實際薪酬依招攬績效按件核發各類非定額之津貼與獎金等保險承攬報酬；3.另就部分工時時薪150元之工作，須依公司規定於約定之工作時間內參加早會並接受教育訓練(於約定之每月工作時間內，每月出席7天、每日一小時)每月總計1050~2000元。,行銷專員CA(正職),時薪 150元,https://www.104.com.tw/job/6my5q?jobsource=jolist_b_relevance,柳光鈺,False,
台南市北區西門路3段159號6樓之2,日班，依公司規定,富邦人壽保險股份有限公司_赤崁獨立課(劉錦珠)(核准文號:108A02號),工作內容1.銷售人身保險商品、客戶經營服務並提供富邦金控整合性金融服務； 2.本職缺為業務招攬工作，實際薪酬依招攬績效按件核發各類非定額之津貼與獎金等保險承攬報酬； 3.另就部分工時時薪150元之工作，須依公司規定於約定之工作時間內參加早會並接受教育訓練(於約定之每月工作時間內，每月出席7天、每日一小時)每月總計1050~5500元。,展業員NCT(正職),時薪 150元,https://www.104.com.tw/job/6pyjv?jobsource=jolist_b_relevance,劉錦珠小姐、劉品辰小姐、郭秋霞小姐,True,核准文號錯誤
桃園市蘆竹區南崁路一段83號4樓之3(富合蘆竹分處),日班，依公司規定,富邦人壽保險股份有限公司_富合蘆竹分處(李沛瑾)(核准文號108A01號),工作內容1.銷售人身保險商品、客戶經營服務並提供富邦金控整合性金融服務； 2.本職缺為業務招攬工作，實際薪酬依招攬績效按件核發各類非定額之津貼與獎金等保險承攬報酬； 3.另就部分工時時薪150元之工作，須依公司規定於約定之工作時間內參加早會並接受教育訓練(於約定之每月工作時間內，每月出席7天、每日一小時)每月總計1050~2000元。,行銷專員CA(正職),時薪 150元,https://www.104.com.tw/job/6qjhf?jobsource=jolist_b_relevance,李沛瑾小姐,False,
台北市信義區基隆路一段210號18樓(富則二分處),日班，依公司規定,富邦人壽保險股份有限公司_富則二分處(核准文號108A01號),工作內容1.銷售人身保險商品、客戶經營服務並提供富邦金控整合性金融服務； 2.本職缺為業務招攬工作，實際薪酬依招攬績效按件核發各類非定額之津貼與獎金等保險承攬報酬； 3.另就部分工時時薪150元之工作，須依公司規定於約定之工作時間內參加早會並接受教育訓練(於約定之每月工作時間內，每月出席7天、每日一小時)每月總計1050~2000元。,行銷專員CA(正職),時薪 150元,https://www.104.com.tw/job/6qji1?jobsource=jolist_b_relevance,莊秉華業務經理,False,
台北市中山區建國北路二段238號11樓(富可通訊處),日班，依公司規定,富邦人壽保險股份有限公司_富可通訊處(黃郁婷)(核准文號108A01號),1.銷售人身保險商品、客戶經營服務並提供富邦金控整合性金融服務；2.本職缺為業務招攬工作，實際薪酬依招攬績效按件核發各類非定額之津貼與獎金等保險承攬報酬；3.另就部分工時時薪150元之工作，須依公司規定於約定之工作時間內參加早會並接受教育訓練(於約定之每月工作時間內，每月出席7天、每日一小時)每月總計1050~2000元。,行銷專員,時薪 150元,https://www.104.com.tw/job/4ir4v?jobsource=jolist_b_relevance,黃郁婷,False,
新北市土城區承天路35之1號4樓,日班，依公司規定,富邦人壽保險股份有限公司_富總一分處(林沅倨)(核准文號108A01號),工作內容1.銷售人身保險商品、客戶經營服務並提供富邦金控整合性金融服務； 2.本職缺為業務招攬工作，實際薪酬依招攬績效按件核發各類非定額之津貼與獎金等保險承攬報酬； 3.另就部分工時時薪150元之工作，須依公司規定於約定之工作時間內參加早會並接受教育訓練(於約定之每月工作時間內，每月出席7天、每日一小時)每月總計1050~2000元。,行銷專員CA(正職),時薪 150元,https://www.104.com.tw/job/6ok1i?jobsource=2018indexpoc,許舒婷小姐,False,
台北市中山區建國北路二段236號12樓,日班，依公司規定,富邦人壽_富家通訊處(簡宏鈞)(核准文號108A01號),工作內容1.銷售人身保險商品、客戶經營服務並提供富邦金控整合性金融服務；2.本職缺為業務招攬工作，實際薪酬依招攬績效按件核發各類非定額之津貼與獎金等保險承攬報酬；3.另就部分工時時薪150元之工作，須依公司規定於約定之工作時間內參加早會並接受教育訓練(於約定之每月工作時間內，每月出席7天、每日一小時)每月總計1050~2000元。,行銷專員CA(正職),時薪 150元,https://www.104.com.tw/job/6mczz?jobsource=2018indexpoc,簡宏鈞先生,False,
新竹縣竹北市自強南路8號19樓之1,日班，依公司規定,富邦人壽保險股份有限公司_竹佑通訊處(葉俊廷)(核准文號108A01號),工作內容1.銷售人身保險商品、客戶經營服務並提供富邦金控整合性金融服務； 2.本職缺為業務招攬工作，實際薪酬依招攬績效按件核發各類非定額之津貼與獎金等保險承攬報酬； 3.另就部分工時時薪150元之工作，須依公司規定於約定之工作時間內參加早會並接受教育訓練(於約定之每月工作時間內，每月出席7天、每日一小時)每月總計1050~2000元。,行銷專員CA(正職),時薪 150元,https://www.104.com.tw/job/6otce?jobsource=2018indexpoc,葉俊廷先生,False,
台中市西屯區市政路386號27樓之6(中通通訊處),日班，依公司規定,富邦人壽保險股份有限公司_中通通訊處(連坤烘)(核淮文號108A01號),工作內容1.銷售人身保險商品、客戶經營服務並提供富邦金控整合性金融服務； 2.本職缺為業務招攬工作，實際薪酬依招攬績效按件核發各類非定額之津貼與獎金等保險承攬報酬； 3.另就部分工時時薪150元之工作，須依公司規定於約定之工作時間內參加早會並接受教育訓練(於約定之每月工作時間內，每月出席7天、每日一小時)每月總計1050~2000元。,行銷專員CA(正職),時薪 150元,https://www.104.com.tw/job/6m0dw?jobsource=2018indexpoc,連坤烘先生,False,
台北市信義區基隆路一段210號18樓(富則二分處),日班，依公司規定,富邦人壽保險股份有限公司_富則二分處(林宜潔)(核准文號108A01號),工作內容1.銷售人身保險商品、客戶經營服務並提供富邦金控整合性金融服務； 2.本職缺為業務招攬工作，實際薪酬依招攬績效按件核發各類非定額之津貼與獎金等保險承攬報酬； 3.另就部分工時時薪150元之工作，須依公司規定於約定之工作時間內參加早會並接受教育訓練(於約定之每月工作時間內，每月出席7天、每日一小時)每月總計1050~2000元。,行銷專員CA(正職),時薪 150元,https://www.104.com.tw/job/6r1vm?jobsource=2018indexpoc,林宜潔小姐,False,
台北市信義區基隆路一段210號8樓,日班，依公司規定,富邦人壽保險股份有限公司_富姚通訊處(陳麗君)(核准文號108A01號),工作內容1.銷售人身保險商品、客戶經營服務並提供富邦金控整合性金融服務； 2.本職缺為業務招攬工作，實際薪酬依招攬績效按件核發各類非定額之津貼與獎金等保險承攬報酬； 3.另就部分工時時薪150元之工作，須依公司規定於約定之工作時間內參加早會並接受教育訓練(於約定之每月工作時間內，每月出席7天、每日一小時)每月總計1050~2000元。,行銷專員CA(正職),時薪 150元,https://www.104.com.tw/job/6qevj?jobsource=2018indexpoc,陳麗君,False,
台中市西屯區市政路386號26樓之3(中聖通訊處),日班，依公司規定,富邦人壽保險股份有限公司_中聖通訊處(蔡丞凱先生)(核准文號108A01號),工作內容1.銷售人身保險商品、客戶經營服務並提供富邦金控整合性金融服務； 2.本職缺為業務招攬工作，實際薪酬依招攬績效按件核發各類非定額之津貼與獎金等保險承攬報酬； 3.另就部分工時時薪150元之工作，須依公司規定於約定之工作時間內參加早會並接受教育訓練(於約定之每月工作時間內，每月出席7天、每日一小時)每月總計1050~2000元。,行銷專員CA(正職),時薪 150元,https://www.104.com.tw/job/6l6bc?jobsource=2018indexpoc,蔡丞凱先生,False,
台北市松山區敦化南路一段108號14樓(總公司),日班，依公司規定,富邦人壽保險股份有限公司_南沅通訊處(劉昱旻)(核准文號108A01),工作內容 1.銷售人身保險商品、客戶經營服務並提供富邦金控整合性金融服務； 2.本職缺為業務招攬工作，實際薪酬依招攬績效按件核發各類非定額之津貼與獎金等保險承攬報酬； 3.另就部分工時時薪150元之工作，須依公司規定於約定之工作時間內參加早會並接受教育訓練(於約定之每 月工作時間內，每月出席7天、每日一小時)每月總計1050~2000元。,行銷專員CA(正職),時薪 150元,https://www.104.com.tw/job/6np6a?jobsource=2018indexpoc,劉昱旻小姐,True,上班地點錯誤(總公司)
台北市松山區南京東路五段108號10樓(富康通訊處),日班，依公司規定,富邦人壽保險股份有限公司_富康通訊處(劉柏瑞)(核准文號108A01號),工作內容1.銷售人身保險商品、客戶經營服務並提供富邦金控整合性金融服務； 2.本職缺為業務招攬工作，實際薪酬依招攬績效按件核發各類非定額之津貼與獎金等保險承攬報酬； 3.另就部分工時時薪150元之工作，須依公司規定於約定之工作時間內參加早會並接受教育訓練(於約定之每月工作時間內，每月出席7天、每日一小時)每月總計1050~2000元。,行銷專員CA(正職),時薪 150元,https://www.104.com.tw/job/6r1lc?jobsource=2018indexpoc,劉柏瑞先生,False,
彰化縣和美鎮愛華路329號3樓之1和美展業處,日班,富邦人壽保險股份有限公司_和美展業處(黃健華)(核准文號108A02號),1.銷售人身保險商品、客戶經營服務並提供富邦金控整合性金融服務; 2.本職缺為業務招攬工作，實際薪酬依招攬績效按件核發各類非定額之津貼與獎金等保險承攬報酬;3.另就部分工時時薪150元之工作，須依公司規定於約定之工作時間內參加早會並接受教育訓練 (於約定之每月工作時間內，每月出席7天、每日一小時)每月總計1050~5500元。,展業員NCT(正職),時薪 150元,https://www.104.com.tw/job/6l8i3?jobsource=2018indexpoc,黃健華,True,核准文號錯誤
台中市西屯區市政路386號29樓之8(中龍通訊處),日班，依公司規定,富邦人壽保險股份有限公司_中龍通訊處(洪逸如)(核淮文號108A01號),1.銷售人身保險商品、客戶經營服務並提供富邦金控整合性金融服務； 2.本職缺為業務招攬工作，實際薪酬依招攬績效按件核發各類非定額之津貼與獎金等保險承攬報酬； 3.另就部分工時時薪150元之工作，須依公司規定於約定之工作時間內參加早會並接受教育訓練(於約定之每月工作時間內，每月出席7天、每日一小時)每月總計1050~2000元。,行銷專員CA(正職),時薪 150元,https://www.104.com.tw/job/6noij?jobsource=2018indexpoc,洪逸如小姐,False,
新北市新店區中興路三段258號1樓,日班，依公司規定,富邦人壽保險股份有限公司_富淬通訊處(鄭志榮),工作內容1.銷售人身保險商品、客戶經營服務並提供富邦金控整合性金融服務； 2.本職缺為業務招攬工作，實際薪酬依招攬績效按件核發各類非定額之津貼與獎金等保險承攬報酬； 3.另就部分工時時薪150元之工作，須依公司規定於約定之工作時間內參加早會並接受教育訓練(於約定之每月工作時間內，每月出席7天、每日一小時)每月總計1050~2000元。,行銷專員CA(正職),時薪 150元,https://www.104.com.tw/job/6pxws?jobsource=2018indexpoc,鄭志榮先生,False,
台北市中山區建國北路二段236號11樓之一,日班，依公司規定,富邦人壽保險股份有限公司_富金通訊處(陳寅峻),工作內容1.銷售人身保險商品、客戶經營服務並提供富邦金控整合性金融服務； 2.本職缺為業務招攬工作，實際薪酬依招攬績效按件核發各類非定額之津貼與獎金等保險承攬報酬； 3.另就部分工時時薪150元之工作，須依公司規定於約定之工作時間內參加早會並接受教育訓練(於約定之每月工作時間內，每月出席7天、每日一小時)每月總計1050~2000元。,行銷專員CA(正職),時薪 150元,https://www.104.com.tw/job/6qw64?jobsource=2018indexpoc,陳寅峻先生,False,
新北市三重區集賢路116號1樓(富也三重分處),日班，依公司規定,富邦人壽保險股份有限公司_富也三重分處(郭麗卿)(核准文號108A01號),工作內容1.銷售人身保險商品、客戶經營服務並提供富邦金控整合性金融服務； 2.本職缺為業務招攬工作，實際薪酬依招攬績效按件核發各類非定額之津貼與獎金等保險承攬報酬； 3.另就部分工時時薪150元之工作，須依公司規定於約定之工作時間內參加早會並接受教育訓練(於約定之每月工作時間內，每月出席7天、每日一小時)每月總計1050~2000元。,行銷專員CA(正職),時薪 150元,https://www.104.com.tw/job/6pwk3?jobsource=2018indexpoc,郭麗卿小姐,False,
台北市士林區承德路四段83號4樓之1,日班，依公司規定,富邦人壽保險股份有限公司_士林展業處(核准文號108A02號),工作內容1.銷售人身保險商品、客戶經營服務並提供富邦金控整合性金融服務；2.本職缺為業務招攬工作，實際薪酬依招攬績效按件核發各類非定額之津貼與獎金等保險承攬報酬；3.另就部分工時時薪150元之工作，須依公司規定於約定之工作時間內參加早會並接受教育訓練(於約定之每月工作時間內，每月出席7天、每日一小時)每月總計1050~5500元。,展業員NCT(正職),時薪 150元,https://www.104.com.tw/job/6q3of?jobsource=2018indexpoc,余鳳國，趙宛如,True,核准文號錯誤
台北市士林區承德路四段83號4樓之1,日班，依公司規定,富邦人壽保險股份有限公司_士林展業處(核准文號108A02號),工作內容1.銷售人身保險商品、客戶經營服務並提供富邦金控整合性金融服務；2.本職缺為業務招攬工作，實際薪酬依招攬績效按件核發各類非定額之津貼與獎金等保險承攬報酬；3.另就部分工時時薪150元之工作，須依公司規定於約定之工作時間內參加早會並接受教育訓練(於約定之每月工作時間內，每月出席7天、每日一小時)每月總計1050~5500元。,展業員NCT(正職),時薪 150元,https://www.104.com.tw/job/6q68e?jobsource=2018indexpoc,余鳳國，陳怡玲,True,核准文號錯誤
台北市內湖區民權東路6段15巷37號2樓(芝山展業處),日班，依公司規定,富邦人壽保險股份有限公司_芝山展業處(謝寶萱)(核准文號108A02號),工作內容1.銷售人身保險商品、客戶經營服務並提供富邦金控整合性金融服務； 2.本職缺為業務招攬工作，實際薪酬依招攬績效按件核發各類非定額之津貼與獎金等保險承攬報酬； 3.另就部分工時時薪150元之工作，須依公司規定於約定之工作時間內參加早會並接受教育訓練(於約定之每月工作時間內，每月出席7天、每日一小時)每月總計1050~5500元。,展業員NCT(正職),時薪 150元,https://www.104.com.tw/job/6rmmw?jobsource=2018indexpoc,謝寶萱小姐,True,核准文號錯誤
台南市中西區民生路二段279號6樓南騰四分處,日班，0830-0930,富邦人壽保險股份有限公司_南騰四分處(吳堡憓)(核准文號108A01號),"1 銷售人身保險商品,客戶經營服務並提供富邦金控整合性金融服務2 本職缺為業務招攬工作,實際薪酬依招攬績效按件核發各類非定額之津貼與獎金等保險承攬報酬;3  另就部分工時時薪150元之工作,須依公司規定於約定之工作時間內參加早會並接受教育訓練（於約定之每月工作時間內,每月出席7天,每日一小時）每月總計1050~2000元。",行銷專員,時薪 150元,https://www.104.com.tw/job/6r6ep?jobsource=2018indexpoc,吳堡憓經理,False,
桃園市中壢區中央西路一段120號18樓之7.之8.之9(花展通訊處),日班，依公司規定,富邦人壽保險股份有限公司_花展通訊處(黃永全)(核准文號108A01號),"1.銷售人身保險商品、客戶經營服務並提供富邦金控整合性金融服務; 2.本職缺為業務招攬工作,實際薪酬依招攬績效按件核發各類非定額之津貼與獎金等保險承攬報酬; 3.另就部分工時時薪150元之工作,須依公司規定於約定之工作時間內參加早會並接受教育訓練(於約定之每 月工作時間內,每月出席7天、每日一小時)每月總計1050~2000元。",行銷專員CA,時薪 150元,https://www.104.com.tw/job/5iyy0?jobsource=2018indexpoc,黃永全先生,False,
台北市中山區建國北路二段238號4樓_富璨通訊處,日班，依公司規定,富邦人壽保險股份有限公司_富璨通訊處(核准文號108A01)(王舜慧),1.銷售人身保險商品、客戶經營服務並提供富邦金控整合性金融服務； 2.本職缺為業務招攬工作，實際薪酬依招攬績效按件核發各類非定額之津貼與獎金等保險承攬報酬； 3.另就部分工時時薪150元之工作，須依公司規定於約定之工作時間內參加早會並接受教育訓練(於約定之每月工作時間內，每月出席7天、每日一小時)每月總計1050~2000元。,行銷專員CA(正職),時薪 150元,https://www.104.com.tw/job/5kj88?jobsource=2018indexpoc,王舜慧小姐,False,
高雄市前金區中華三路21號4樓(高陽一分處),日班,富邦人壽保險股份有限公司_高陽一分處(王淑姮)(核准文號108A01號),1.銷售人身保險商品、客戶經營服務並提供富邦金控整合性金融服務；2.本職缺為業務招攬工作，實際薪酬依招攬績效按件核發各類非定額之津貼與獎金等保險承攬報酬；３.另就部分工時時薪150元之工作，須依公司規定於約定之工作時間內參加早會並接受教育訓練 (於約定之每月工作時間內，每月出席7天、每日一小時)每月總計1050~2000元。,行銷專員CA(正職),時薪 150元,https://www.104.com.tw/job/5v82e?jobsource=2018indexpoc,王淑姮,False,
高雄市新興區民族二路95號6樓B室(高聰通訊處),日班，依公司規定,富邦人壽_高聰通訊處(張易書)(核准文號108A01號),1.銷售人身保險商品、客戶經營服務並提供富邦金控整合性金融服務；2.本職缺為業務招攬工作，實際薪酬依招攬績效按件核發各類非定額之津貼與獎金等保險承攬報酬；3.另就部分工時時薪150元之工作，須依公司規定於約定之工作時間內參加早會並接受教育訓練(於約定之每月工作時間內，每月出席7天、每日一小時)每月總計1050~2000元。,行銷專員CA(正職),時薪 150元,https://www.104.com.tw/job/607qv?jobsource=2018indexpoc,張易書先生,False,
高雄市仁武區八德東路285號(仁武獨立課),日班，依公司規定,富邦人壽_仁武獨立課(葉權緯)(核准文號108A02號),1.銷售人身保險商品、客戶經營服務並提供富邦金控整合性金融服務； 2.本職缺為業務招攬工作，實際薪酬依招攬績效按件核發各類非定額之津貼與獎金等保險承攬報酬； 3.另就部分工時時薪150元之工作，須依公司規定於約定之工作時間內參加早會並接受教育訓練(於約定之每月工作時間內，每月出席7天、每日一小時)每月總計1050~5500元。,展業員NCT(正職),時薪 150元,https://www.104.com.tw/job/60ger?jobsource=2018indexpoc,葉權緯先生,True,核准文號錯誤
台南市新營區民治路301號4樓(新營展業處),日班，依公司規定,富邦人壽保險股份有限公司_新營展業處(李虹慧)(核准文號108A02號),1.銷售人身保險商品、客戶經營服務並提供富邦金控整合性金融服務； 2.本職缺為業務招攬工作，實際薪酬依招攬績效按件核發各類非定額之津貼與獎金等保險承攬報酬； 3.另就部分工時時薪150元之工作，須依公司規定於約定之工作時間內參加早會並接受教育訓練(於約定之每月工作時間內，每月出席7天、每日一小時)每月總計1050~5500元。,展業員NCT(正職),時薪 150元,https://www.104.com.tw/job/58ebh?jobsource=2018indexpoc,李虹慧，田淑芬，蔡宜穎，羅悅瑄,True,核准文號錯誤
嘉義市北港路251號15樓B區嘉義展業處,日班，依公司規定,富邦人壽保險股份有限公司_嘉義展業處(核准文號:108A02號)(歐權模),工作內容1.銷售人身保險商品、客戶經營服務並提供富邦金控整合性金融服務；2.本職缺為業務招攬工作，實際薪酬依招攬績效按件核發各類非定額之津貼與獎金等保險承攬報酬；3.另就部分工時時薪150元之工作，須依公司規定於約定之工作時間內參加早會並接受教育訓練(於約定之每月工作時間內，每月出席7天、每日一小時)每月總計1050~5500元。,展業員NCT(正職),時薪 150元,https://www.104.com.tw/job/51m1e?jobsource=2018indexpoc,歐權模先生,True,核准文號錯誤
高雄市苓雅區建國一路109號12樓,日班，依公司規定,富邦人壽_高福通訊處(核准文號108A01號)(葉震景),工作內容1.銷售人身保險商品、客戶經營服務並提供富邦金控整合性金融服務；2.本職缺為業務招攬工作，實際薪酬依招攬績效按件核發各類非定額之津貼與獎金等保險承攬報酬；3.另就部分工時時薪150元之工作，須依公司規定於約定之工作時間內參加早會並接受教育訓練(於約定之每月工作時間內，每月出席7天、每日一小時)每月總計1050~2000元。,行銷專員CA(正職),時薪 150元,https://www.104.com.tw/job/4z0xz?jobsource=2018indexpoc,葉震景先生,False,
新北市樹林區中山路一段99號4樓邦仁通訊處,日班，08:30~09:30或09:00~10:00,富邦人壽_邦仁通訊處(核准文號108A01),1.銷售人身保險商品、客戶經營服務並提供富邦金控整合性金融服務；2.本職缺為業務招攬工作，實際薪酬依招攬績效按件核發各類非定額之津貼與獎金等保險承攬報酬；3.另就部分工時時薪150元之工作，須依公司規定於約定之工作時間內參加早會並接受教育訓練(於約定之每月工作時間內，每月出席7天、每日一小時)每月總計1050~2000元。,行銷專員CA(正職),時薪 150元,https://www.104.com.tw/job/3bfkg?jobsource=2018indexpoc,廖廷鳳小姐,True,上班時段錯誤(未滿8小時的時間)
桃園市龜山區新樂街26號1樓龜山展業處,日班，依公司規定,富邦人壽保險股份有限公司_龜山展業處(核准文號108A02號),工作內容1.銷售人身保險商品、客戶經營服務並提供富邦金控整合性金融服務； 2.本職缺為業務招攬工作，實際薪酬依招攬績效按件核發各類非定額之津貼與獎金等保險承攬報酬； 3.另就部分工時時薪150元之工作，須依公司規定於約定之工作時間內參加早會並接受教育訓練(於約定之每月工作時間內，每月出席7天、每日一小時)每月總計1050~5500元。,展業員NCT(正職),時薪 150元,https://www.104.com.tw/job/50h0z?jobsource=2018indexpoc,李育軒,True,核准文號錯誤
桃園市中壢區中央西路一段120號18樓之3(桃晶通訊處),日班，依公司規定,富邦人壽_桃晶通訊處(核准文號108A01號)(郭瀞芳),工作內容1.銷售人身保險商品、客戶經營服務並提供富邦金控整合性金融服務； 2.本職缺為業務招攬工作，實際薪酬依招攬績效按件核發各類非定額之津貼與獎金等保險承攬報酬；3.另就部分工時時薪150元之工作，須依公司規定於約定之工作時間內參加早會並接受教育訓練(於約定之每月工作時間內，每月出席7天、每日一小時)每月總計1050~2000元。,行銷專員CA(正職),時薪 150元,https://www.104.com.tw/job/4swn6?jobsource=2018indexpoc,郭瀞芳小姐,False,
台中市西屯區市政路386號26樓之7(中山通訊處),日班，依公司規定,富邦人壽保險股份有限公司_中山通訊處(陳清德)(核准文號108A01號),1.銷售人身保險商品、客戶經營服務並提供富邦金控整合性金融服務； 2.本職缺為業務招攬工作，實際薪酬依招攬績效按件核發各類非定額之津貼與獎金等保險承攬報酬； 3.另就部分工時時薪150元之工作，須依公司規定於約定之工作時間內參加早會並接受教育訓練(於約定之每月工作時間內，每月出席7天、每日一小時)每月總計1050~2000元。,行銷專員CA(正職),時薪 150元,https://www.104.com.tw/job/5ef23?jobsource=2018indexpoc,陳清德先生,False,
新竹縣竹北市自強南路8號19樓之1-竹佑一分處,日班，依公司規定,富邦人壽保險股份有限公司_竹佑一分處(郭鴻美)(核准文號108A01號),1.銷售人身保險商品、客戶經營服務並提供富邦金控整合性金融服務； 2.本職缺為業務招攬工作，實際薪酬依招攬績效按件核發各類非定額之津貼與獎金等保險承攬報酬； 3.另就部分工時時薪150元之工作，須依公司規定於約定之工作時間內參加早會並接受教育訓練(於約定之每月工作時間內，每月出席7天、每日一小時)每月總計1050~2000元。,行銷專員CA(正職),時薪 150元,https://www.104.com.tw/job/5nkf9?jobsource=2018indexpoc,郭鴻美經理,False,
台北市內湖區,日班,富邦人壽保險股份有限公司(總公司),1. 新商品提案、規劃與執行2. 擬訂數位行銷企劃與競爭策略3.規劃與執行網路投保商品之數位媒體投放、行銷活動企劃、銷售業績、競品分析、客戶洞察分析與成效追蹤4.數位策略聯盟方案研擬與合作洽談5.跨單位協同運作與溝通協調,科技行銷部/科技行銷市場科-商品數位行銷企劃,待遇面議                                                                                    （經常性薪資達4萬元或以上）                                            經常性薪資                                                    經常性薪資包括本薪、按月給付的固定津貼及獎金、按月發放                                                    的工作（生產、績效、業績）獎金、全勤獎金及其他經常性                                                    給與。詳見勞動部網站。                                                檢舉不實,https://www.104.com.tw/job/6cg8n?jobsource=2018indexpoc,呂小姐,False,
彰化縣溪湖鎮東環路455號(彰興通訊處),日班，依公司規定,富邦人壽_彰興通訊處(核准文號108A01號),1.銷售人身保險商品、客戶經營服務並提供富邦金控整合性金融服務； 2.本職缺為業務招攬工作，實際薪酬依招攬績效按件核發各類非定額之津貼與獎金等保險承攬報酬； 3.另就部分工時時薪150元之工作，須依公司規定於約定之工作時間內參加早會並接受教育訓練(於約定之每月工作時間內，每月出席7天、每日一小時)每月總計1050~2000元。,行銷專員CA(正職),時薪 150元,https://www.104.com.tw/job/6hs8f?jobsource=2018indexpoc,詹瓊妙小姐,False,
台北市中山區建國北路二段236號10樓(TP805富合通訊處),日班，08:30~09:30,富邦人壽保險股份有限公司_富合通訊處(陳琬蓉)(核准文號108A01號),銷售人身保險商品及提供富邦金控整合性金融服務,業務專員,待遇面議                                                                                    （經常性薪資達4萬元或以上）                                            經常性薪資                                                    經常性薪資包括本薪、按月給付的固定津貼及獎金、按月發放                                                    的工作（生產、績效、業績）獎金、全勤獎金及其他經常性                                                    給與。詳見勞動部網站。                                                檢舉不實,https://www.104.com.tw/job/6g04m?jobsource=2018indexpoc,陳小姐,True,上班時段錯誤(未滿8小時的時間)
桃園市中壢區中央西路一段120號18樓之7.之8.之9(花展通訊處),日班，依公司規定,富邦人壽保險股份有限公司_花展通訊處(曾敏紘)(核准文號108A01號),工作內容1.銷售人身保險商品、客戶經營服務並提供富邦金控整合性金融服務；2.本職缺為業務招攬工作，實際薪酬依招攬績效按件核發各類非定額之津貼與獎金等保險承攬報酬；3.另就部分工時時薪150元之工作，須依公司規定於約定之工作時間內參加早會並接受教育訓練(於約定之每月工作時間內，每月出席7天、每日一小時)每月總計1050~2000元。,行銷專員CA(正職),時薪 150元,https://www.104.com.tw/job/6i3ma?jobsource=2018indexpoc,曾先生,False,
台南市善化區中山路349號8樓A室（善化展業處）,日班，依公司規定,富邦人壽保險股份有限公司_善化展業處(高惠玲)(核准文號108A02號),1.銷售人身保險商品、客戶經營服務並提供富邦金控整合性金融服務；2.本職缺為業務招攬工作，實際薪酬依招攬績效按件核發各類非定額之津貼與獎金等保險承攬報酬；3.另就部分工時時薪150元之工作，須依公司規定於約定之工作時間內參加早會並接受教育訓練(於約定之每月工作時間內，每月出席7天、每日一小時)每月總計1050~5500元。,展業員NCT(正職),時薪 150元,https://www.104.com.tw/job/6h121?jobsource=2018indexpoc,高惠玲、林佳瑩、趙純儀、黃偉倫,True,核准文號錯誤
台北市中正區忠孝西路一段6號12樓(琛達展業處),日班，依公司規定,富邦人壽保險股份有限公司_琛達展業處(黃靖雅)(核准文號108A02號),工作內容1.銷售人身保險商品、客戶經營服務並提供富邦金控整合性金融服務；2.本職缺為業務招攬工作，實際薪酬依招攬績效按件核發各類非定額之津貼與獎金等保險承攬報酬；3.另就部分工時時薪150元之工作，須依公司規定於約定之工作時間內參加早會並接受教育訓練(於約定之每月工作時間內，每月出席7天、每日一小時)每月總計1050~5500元。,展業員NCT(正職),時薪 150元,https://www.104.com.tw/job/6h2u8?jobsource=2018indexpoc,黃靖雅、劉開慶、顧兆凰、張哲偉,True,核准文號錯誤
高雄市苓雅區中正二路175號21樓之2(高昇通訊處),日班，08:30~09:30,富邦人壽_高昇通訊處(何鳳英經理)(核准文號108A01號),工作內容1.銷售人身保險商品、客戶經營服務並提供富邦金控整合性金融服務； 2.本職缺為業務招攬工作，實際薪酬依招攬績效按件核發各類非定額之津貼與獎金等保險承攬報酬；3.另就部分工時時薪150元之工作，須依公司規定於約定之工作時間內參加早會並接受教育訓練(於約定之每月工作時間內，每月出席7天、每日一小時)每月總計1050~2000元。,行銷專員CA,時薪 150元,https://www.104.com.tw/job/6h62h?jobsource=2018indexpoc,何鳳英,True,上班時段錯誤(未滿8小時的時間)
台中市大里區中興路二段609號1樓(中旭通訊處),日班，依公司規定,富邦人壽_中旭通訊處(陳佳儒)(核准文號核准文號108A01號),工作內容1.銷售人身保險商品、客戶經營服務並提供富邦金控整合性金融服務；2.本職缺為業務招攬工作，實際薪酬依招攬績效按件核發各類非定額之津貼與獎金等保險承攬報酬；3.另就部分工時時薪150元之工作，須依公司規定於約定之工作時間內參加早會並接受教育訓練(於約定之每月工作時間內，每月出席7天、每日一小時)每月總計1050~2000元。,行銷專員CA(正職),時薪 150元,https://www.104.com.tw/job/6h088?jobsource=2018indexpoc,陳佳儒小姐,False,
新竹市北區經國路一段675號3樓(新竹展業處),日班，依公司規定,富邦人壽保險股份有限公司_新竹展業處(翁秀玲)(核准文號108A02號),工作內容1.銷售人身保險商品、客戶經營服務並提供富邦金控整合性金融服務；2.本職缺為業務招攬工作，實際薪酬依招攬績效按件核發各類非定額之津貼與獎金等保險承攬報酬；3.另就部分工時時薪150元之工作，須依公司規定於約定之工作時間內參加早會並接受教育訓練(於約定之每月工作時間內，每月出席7天、每日一小時)每月總計1050~5500元。,展業員NCT(正職),時薪 150元,https://www.104.com.tw/job/6h50v?jobsource=2018indexpoc,翁秀玲小姐,True,核准文號錯誤
台北市中山區建國北路二段196號5樓(花米通訊處),日班,富邦人壽_花米通訊處(核准文號108A01號),1.銷售人身保險商品、客戶經營服務並提供富邦金控整合性金融服務；２.本職缺為業務招攬工作，實際薪酬依招攬績效按件核發各類非定額之津貼與獎金等保險承攬報酬；３.另就部分工時時薪150元之工作，須依公司規定於約定之工作時間內參加早會並接受教育訓練【業務通路】 (於約定之每月工作時間內，每月出席7天、每日一小時)每月總計1050~2000元。,行銷專員CA(正職),時薪 150元,https://www.104.com.tw/job/6h5v8?jobsource=2018indexpoc,吳天佑,False,
台北市中正區襄陽路9號4樓(富璽通訊處),日班，依公司規定,富邦人壽保險股份有限公司_富璽通訊處(曾治平)(核准文號108A01號),工作內容1.銷售人身保險商品、客戶經營服務並提供富邦金控整合性金融服務；2.本職缺為業務招攬工作，實際薪酬依招攬績效按件核發各類非定額之津貼與獎金等保險承攬報酬；3.另就部分工時時薪150元之工作，須依公司規定於約定之工作時間內參加早會並接受教育訓練(於約定之每月工作時間內，每月出席7天、每日一小時)每月總計1050~2000元。,行銷專員CA(正職),時薪 150元,https://www.104.com.tw/job/6h0s4?jobsource=2018indexpoc,曾治平先生,False,
高雄市苓雅區中正二路175號21樓之3（高鼎通訊處）,日班，依公司規定,富邦人壽保險股份有限公司_高鼎通訊處(吳妮蓁)(核准文號108A01號),工作內容1.銷售人身保險商品、客戶經營服務並提供富邦金控整合性金融服務；2.本職缺為業務招攬工作，實際薪酬依招攬績效按件核發各類非定額之津貼與獎金等保險承攬報酬；3.另就部分工時時薪150元之工作，須依公司規定於約定之工作時間內參加早會並接受教育訓練(於約定之每月工作時間內，每月出席7天、每日一小時)每月總計1050~2000元。,行銷專員CA(正職),時薪 150元,https://www.104.com.tw/job/6hdn8?jobsource=2018indexpoc,吳妮蓁小姐,False,
高雄市苓雅區中正二路175號9樓之1(高慶通訊處),日班，08:30~09:30,富邦人壽保險股份有限公司_高慶通訊處(林書右)(核准文號108A01號),工作內容1.銷售人身保險商品、客戶經營服務並提供富邦金控整合性金融服務；2.本職缺為業務招攬工作，實際薪酬依招攬績效按件核發各類非定額之津貼與獎金等保險承攬報酬；3.另就部分工時時薪150元之工作，須依公司規定於約定之工作時間內參加早會並接受教育訓練(於約定之每月工作時間內，每月出席7天、每日一小時)每月總計1050~2000元。,行銷專員CA(正職),時薪 150元,https://www.104.com.tw/job/6lsva?jobsource=jolist_b_relevance,林書右,True,上班時段錯誤(未滿8小時的時間)
高雄市新興區,日班，08:30~17:30,富邦人壽保險股份有限公司(總公司),【工作內容】1.銀行保險通路協銷支援。2.工作地點:總公司/分公司。3.協助銀行/證券理財業務人員之保險商品及專業教育訓練、銷售輔導。4.強化與銀行分工合作關係，負責蒐集、彙整金融與保險的各類市場資訊，並主動        反應通路問題、提出建設性建議。5.輔導保險銷售相關客戶服務事項。【員工福利】1.保障底薪及津貼、績效獎金、年終獎金另計。2.享有員工持股信託、勞退相對提撥。3.享有勞、健保及團體保險(含眷屬)、其他員工福利(定期員工健康檢查、結婚及喪        葬補助等)、週休二日。4.提供完整教育訓練，培養成為銀行保險通路專業人才。,銀行保險儲備幹部(協銷副理)-高雄地區,"月薪 30,000~50,000元",https://www.104.com.tw/job/6obr0?jobsource=jolist_b_relevance,王/楊/徐小姐,True,薪資福利錯誤
台中市西屯區市政路386號31樓之1(中英一分處),日班，依公司規定,富邦人壽保險股份有限公司_中英一分處(陳冠辰)(核准文號108A01號),工作內容1.銷售人身保險商品、客戶經營服務並提供富邦金控整合性金融服務；2.本職缺為業務招攬工作，實際薪酬依招攬績效按件核發各類非定額之津貼與獎金等保險承攬報酬；3.另就部分工時時薪150元之工作，須依公司規定於約定之工作時間內參加早會並接受教育訓練(於約定之每月工作時間內，每月出席7天、每日一小時)每月總計1050~2000元。,行銷專員CA(正職),時薪 150元,https://www.104.com.tw/job/6h9l4?jobsource=jolist_b_relevance,陳冠辰,False,
台北市松山區敦化南路一段108號14樓(總公司),日班，依公司規定,富邦人壽保險股份有限公司_富年通訊處(黃如玲)(核准文號108A01號),工作內容1.銷售人身保險商品、客戶經營服務並提供富邦金控整合性金融服務；2.本職缺為業務招攬工作，實際薪酬依招攬績效按件核發各類非定額之津貼與獎金等保險承攬報酬；3.另就部分工時時薪150元之工作，須依公司規定於約定之工作時間內參加早會並接受教育訓練(於約定之每月工作時間內，每月出席7天、每日一小時)每月總計1050~2000元。,行銷專員CA(正職),時薪 150元,https://www.104.com.tw/job/6hd7k?jobsource=jolist_b_relevance,黃如玲小姐,True,上班地點錯誤(總公司)
桃園市桃園區中正路1080號5樓(桃勝一分處),日班，依公司規定,富邦人壽保險股份有限公司_桃勝一分處(核准文號108A01號),1.銷售人身保險商品、客戶經營服務並提供富邦金控整合性金融服務； 2.本職缺為業務招攬工作，實際薪酬依招攬績效按件核發各類非定額之津貼與獎金等保險承攬報酬； 3.另就部分工時時薪150元之工作，須依公司規定於約定之工作時間內參加早會並接受教育訓練(於約定之每月工作時間內，每月出席7天、每日一小時)每月總計1050~2000元。,行銷專員CA(正職),時薪 150元,https://www.104.com.tw/job/4bsdd?jobsource=2018indexpoc,廖秀慧小姐,False,
台中市清水區中山路94號6樓(中泰通訊處),日班，依公司規定,富邦人壽_中泰通訊處(核准文號108A01號),1.銷售人身保險商品、客戶經營服務並提供富邦金控整合性金融服務； 2.本職缺為業務招攬工作，實際薪酬依招攬績效按件核發各類非定額之津貼與獎金等保險承攬報酬；3.另就部分工時時薪150元之工作，須依公司規定於約定之工作時間內參加早會並接受教育訓練(於約定之每月工作時間內，每月出席7天、每日一小時)每月總計1050~2000元。,行銷專員CA(正職),時薪 150元,https://www.104.com.tw/job/5drzn?jobsource=2018indexpoc,郭令威,False,
